"","data","response","year","deliv_annual","demand_annual","request_annual","shortage_demand","shortage_request"
"1","paleo","Base",1429,44190.33416554,52989.6,45432.6,8799.26583446,1242.26583446
"2","paleo","Base",1430,620040.973385,690783.8,622083.8,70742.826615,2042.826615
"3","paleo","Base",1431,619132.680446,690783.8,622083.8,71651.119554,2951.119554
"4","paleo","Base",1432,614404.9580763,690783.8,622083.8,76378.8419237,7678.8419237
"5","paleo","Base",1433,618307.6083648,690783.8,622083.8,72476.1916352,3776.19163520001
"6","paleo","Base",1434,613067.0522546,690783.8,622083.8,77716.7477454,9016.7477454
"7","paleo","Base",1435,613590.3837558,690783.8,622083.8,77193.4162442,8493.41624420001
"8","paleo","Base",1436,617362.7910396,690783.8,622083.8,73421.0089604,4721.00896039999
"9","paleo","Base",1437,608504.5869312,690783.8,622083.8,82279.2130688,13579.2130688
"10","paleo","Base",1438,609925.691275,690783.8,622083.8,80858.108725,12158.108725
"11","paleo","Base",1439,606016.0341491,690783.8,622083.8,84767.7658509,16067.7658509
"12","paleo","Base",1440,620691.451811,690783.8,622083.8,70092.348189,1392.348189
"13","paleo","Base",1441,621100.227038,690783.8,622083.8,69683.572962,983.572962000006
"14","paleo","Base",1442,618762.096677,690783.8,622083.8,72021.703323,3321.70332300001
"15","paleo","Base",1443,619711.303508,690783.8,622083.8,71072.496492,2372.49649200001
"16","paleo","Base",1444,617810.072747,690783.8,622083.8,72973.727253,4273.727253
"17","paleo","Base",1445,611101.6280544,690783.8,622083.8,79682.1719456,10982.1719456
"18","paleo","Base",1446,619187.997089,690783.8,622083.8,71595.802911,2895.80291099999
"19","paleo","Base",1447,618555.233967,690783.8,622083.8,72228.566033,3528.566033
"20","paleo","Base",1448,613888.888472,690783.8,622083.8,76894.911528,8194.91152800001
"21","paleo","Base",1449,618554.763794,690783.8,622083.8,72229.036206,3529.036206
"22","paleo","Base",1450,618586.89703562,690783.8,622083.8,72196.90296438,3496.90296438
"23","paleo","Base",1451,621291.485182,690783.8,622083.8,69492.314818,792.314817999999
"24","paleo","Base",1452,620704.119542,690783.8,622083.8,70079.680458,1379.680458
"25","paleo","Base",1453,620008.836388,690783.8,622083.8,70774.963612,2074.96361200001
"26","paleo","Base",1454,620149.055321,690783.8,622083.8,70634.744679,1934.744679
"27","paleo","Base",1455,619884.791315,690783.8,622083.8,70899.008685,2199.00868499999
"28","paleo","Base",1456,601672.9423083,690783.8,622083.8,89110.8576917,20410.8576917
"29","paleo","Base",1457,617931.5057344,690783.8,622083.8,72852.2942656,4152.2942656
"30","paleo","Base",1458,610820.4416612,690783.8,622083.8,79963.3583388,11263.3583388
"31","paleo","Base",1459,604493.0324367,690783.8,622083.8,86290.7675633,17590.7675633
"32","paleo","Base",1460,605738.7449767,690783.8,622083.8,85045.0550233,16345.0550233
"33","paleo","Base",1461,610374.58008028,690783.8,622083.8,80409.21991972,11709.21991972
"34","paleo","Base",1462,620209.48604,690783.8,622083.8,70574.31396,1874.31396
"35","paleo","Base",1463,621377.813102,690783.8,622083.8,69405.986898,705.986898000003
"36","paleo","Base",1464,618478.57747,690783.8,622083.8,72305.22253,3605.22253
"37","paleo","Base",1465,609424.9452733,690783.8,622083.8,81358.8547267,12658.8547267
"38","paleo","Base",1466,619558.015869,690783.8,622083.8,71225.784131,2525.78413100001
"39","paleo","Base",1467,619846.885759,690783.8,622083.8,70936.914241,2236.91424100001
"40","paleo","Base",1468,618320.344972,690783.8,622083.8,72463.455028,3763.455028
"41","paleo","Base",1469,619066.49318,690783.8,622083.8,71717.30682,3017.30682
"42","paleo","Base",1470,618548.220024,690783.8,622083.8,72235.579976,3535.57997600001
"43","paleo","Base",1471,615743.2862596,690783.8,622083.8,75040.5137404,6340.5137404
"44","paleo","Base",1472,613336.4503417,690783.8,622083.8,77447.3496583,8747.34965829999
"45","paleo","Base",1473,610633.6752975,690783.8,622083.8,80150.1247025,11450.1247025
"46","paleo","Base",1474,607644.6164712,690783.8,622083.8,83139.1835288,14439.1835288
"47","paleo","Base",1475,604538.073421,690783.8,622083.8,86245.726579,17545.726579
"48","paleo","Base",1476,618649.3817903,690783.8,622083.8,72134.4182097,3434.4182097
"49","paleo","Base",1477,619380.500526,690783.8,622083.8,71403.299474,2703.299474
"50","paleo","Base",1478,619909.81957,690783.8,622083.8,70873.98043,2173.98043
"51","paleo","Base",1479,613306.905021,690783.8,622083.8,77476.894979,8776.894979
"52","paleo","Base",1480,612776.2232295,690783.8,622083.8,78007.5767705,9307.5767705
"53","paleo","Base",1481,618608.73605,690783.8,622083.8,72175.06395,3475.06395
"54","paleo","Base",1482,619284.606366,690783.8,622083.8,71499.193634,2799.193634
"55","paleo","Base",1483,620433.966903,690783.8,622083.8,70349.833097,1649.833097
"56","paleo","Base",1484,621864.141513,690783.8,622083.8,68919.658487,219.658486999993
"57","paleo","Base",1485,618002.755352,690783.8,622083.8,72781.044648,4081.04464800001
"58","paleo","Base",1486,622078.706155,690783.8,622083.8,68705.093845,5.09384499999578
"59","paleo","Base",1487,619137.129678,690783.8,622083.8,71646.670322,2946.67032200001
"60","paleo","Base",1488,619995.296704,690783.8,622083.8,70788.503296,2088.50329600001
"61","paleo","Base",1489,619008.304503,690783.8,622083.8,71775.495497,3075.495497
"62","paleo","Base",1490,621868.887806,690783.8,622083.8,68914.912194,214.912194000004
"63","paleo","Base",1491,620420.262694,690783.8,622083.8,70363.537306,1663.537306
"64","paleo","Base",1492,619046.2324173,690783.8,622083.8,71737.5675827,3037.5675827
"65","paleo","Base",1493,617959.7397929,690783.8,622083.8,72824.0602071,4124.0602071
"66","paleo","Base",1494,619444.7565344,690783.8,622083.8,71339.0434656,2639.04346559999
"67","paleo","Base",1495,606579.754583,690783.8,622083.8,84204.045417,15504.045417
"68","paleo","Base",1496,605624.7640238,690783.8,622083.8,85159.0359762,16459.0359762
"69","paleo","Base",1497,613218.90268206,690783.8,622083.8,77564.89731794,8864.89731793999
"70","paleo","Base",1498,617250.9181635,690783.8,622083.8,73532.8818365,4832.8818365
"71","paleo","Base",1499,594921.3358655,690783.8,622083.8,95862.4641345,27162.4641345
"72","paleo","Base",1500,588450.3454983,690783.8,622083.8,102333.4545017,33633.4545017
"73","paleo","Base",1501,615416.86506658,690783.8,622083.8,75366.93493342,6666.93493341999
"74","paleo","Base",1502,617363.587596,690783.8,622083.8,73420.212404,4720.21240399999
"75","paleo","Base",1503,615451.121939,690783.8,622083.8,75332.678061,6632.678061
"76","paleo","Base",1504,616108.779179,690783.8,622083.8,74675.020821,5975.020821
"77","paleo","Base",1505,587167.4336505,690783.8,622083.8,103616.3663495,34916.3663495
"78","paleo","Base",1506,590416.2109593,690783.8,622083.8,100367.5890407,31667.5890407
"79","paleo","Base",1507,617753.2320062,690783.8,622083.8,73030.5679938,4330.56799380001
"80","paleo","Base",1508,619305.244295,690783.8,622083.8,71478.555705,2778.55570500001
"81","paleo","Base",1509,620566.539248,690783.8,622083.8,70217.260752,1517.260752
"82","paleo","Base",1510,602069.0949602,690783.8,622083.8,88714.7050398,20014.7050398
"83","paleo","Base",1511,608990.325161,690783.8,622083.8,81793.474839,13093.474839
"84","paleo","Base",1512,616535.741215,690783.8,622083.8,74248.058785,5548.058785
"85","paleo","Base",1513,617980.255971,690783.8,622083.8,72803.544029,4103.544029
"86","paleo","Base",1514,619772.699858,690783.8,622083.8,71011.100142,2311.100142
"87","paleo","Base",1515,612722.34575824,690783.8,622083.8,78061.45424176,9361.45424175999
"88","paleo","Base",1516,619964.423504,690783.8,622083.8,70819.376496,2119.376496
"89","paleo","Base",1517,617205.1732253,690783.8,622083.8,73578.6267747,4878.6267747
"90","paleo","Base",1518,602469.565856,690783.8,622083.8,88314.234144,19614.234144
"91","paleo","Base",1519,620677.960193,690783.8,622083.8,70105.839807,1405.839807
"92","paleo","Base",1520,608259.65368626,690783.8,622083.8,82524.14631374,13824.14631374
"93","paleo","Base",1521,619588.788415,690783.8,622083.8,71195.011585,2495.011585
"94","paleo","Base",1522,613940.9868183,690783.8,622083.8,76842.8131817,8142.8131817
"95","paleo","Base",1523,620347.472107,690783.8,622083.8,70436.327893,1736.32789299999
"96","paleo","Base",1524,622078.256226,690783.8,622083.8,68705.543774,5.54377400000521
"97","paleo","Base",1525,621682.599196,690783.8,622083.8,69101.200804,401.200803999993
"98","paleo","Base",1526,621397.85776,690783.8,622083.8,69385.94224,685.942240000004
"99","paleo","Base",1527,620393.673317,690783.8,622083.8,70390.126683,1690.12668299999
"100","paleo","Base",1528,617946.125699,690783.8,622083.8,72837.674301,4137.67430100001
"101","paleo","Base",1529,605570.7003436,690783.8,622083.8,85213.0996564,16513.0996564
"102","paleo","Base",1530,608072.594441,690783.8,622083.8,82711.205559,14011.205559
"103","paleo","Base",1531,606664.37244,690783.8,622083.8,84119.42756,15419.42756
"104","paleo","Base",1532,577994.8607314,690783.8,622083.8,112788.9392686,44088.9392686
"105","paleo","Base",1533,616474.87618,690783.8,622083.8,74308.92382,5608.92382000001
"106","paleo","Base",1534,615662.865984,690783.8,622083.8,75120.934016,6420.934016
"107","paleo","Base",1535,617959.665832,690783.8,622083.8,72824.134168,4124.13416799999
"108","paleo","Base",1536,620892.775596,690783.8,622083.8,69891.024404,1191.024404
"109","paleo","Base",1537,618654.962959,690783.8,622083.8,72128.837041,3428.83704100001
"110","paleo","Base",1538,619275.767288,690783.8,622083.8,71508.032712,2808.032712
"111","paleo","Base",1539,616719.6451014,690783.8,622083.8,74064.1548986,5364.15489860001
"112","paleo","Base",1540,612504.4197314,690783.8,622083.8,78279.3802686,9579.38026859999
"113","paleo","Base",1541,611093.245188,690783.8,622083.8,79690.554812,10990.554812
"114","paleo","Base",1542,606882.404989,690783.8,622083.8,83901.395011,15201.395011
"115","paleo","Base",1543,606624.6691313,690783.8,622083.8,84159.1308687,15459.1308687
"116","paleo","Base",1544,611561.236009,690783.8,622083.8,79222.563991,10522.563991
"117","paleo","Base",1545,602526.3909179,690783.8,622083.8,88257.4090821,19557.4090821
"118","paleo","Base",1546,619320.1000442,690783.8,622083.8,71463.6999558,2763.6999558
"119","paleo","Base",1547,609777.541734,690783.8,622083.8,81006.258266,12306.258266
"120","paleo","Base",1548,618591.202109,690783.8,622083.8,72192.597891,3492.597891
"121","paleo","Base",1549,620877.299335,690783.8,622083.8,69906.500665,1206.500665
"122","paleo","Base",1550,621357.279578,690783.8,622083.8,69426.520422,726.520422000001
"123","paleo","Base",1551,620657.832308,690783.8,622083.8,70125.967692,1425.96769200001
"124","paleo","Base",1552,619746.784303,690783.8,622083.8,71037.015697,2337.015697
"125","paleo","Base",1553,620730.87421,690783.8,622083.8,70052.92579,1352.92578999999
"126","paleo","Base",1554,617765.0902,690783.8,622083.8,73018.7098,4318.7098
"127","paleo","Base",1555,620690.502275,690783.8,622083.8,70093.297725,1393.297725
"128","paleo","Base",1556,620274.622412,690783.8,622083.8,70509.177588,1809.17758800001
"129","paleo","Base",1557,620792.854513,690783.8,622083.8,69990.945487,1290.945487
"130","paleo","Base",1558,618282.761441,690783.8,622083.8,72501.038559,3801.03855900001
"131","paleo","Base",1559,619208.429122,690783.8,622083.8,71575.370878,2875.370878
"132","paleo","Base",1560,620265.190742,690783.8,622083.8,70518.609258,1818.609258
"133","paleo","Base",1561,621603.47078,690783.8,622083.8,69180.32922,480.32922
"134","paleo","Base",1562,620275.693798,690783.8,622083.8,70508.106202,1808.106202
"135","paleo","Base",1563,620703.759645,690783.8,622083.8,70080.040355,1380.040355
"136","paleo","Base",1564,622083.8,690783.8,622083.8,68700,0
"137","paleo","Base",1565,620141.604497,690783.8,622083.8,70642.195503,1942.195503
"138","paleo","Base",1566,619384.6494803,690783.8,622083.8,71399.1505197,2699.15051970001
"139","paleo","Base",1567,611430.8212975,690783.8,622083.8,79352.9787025,10652.9787025
"140","paleo","Base",1568,617865.0799998,690783.8,622083.8,72918.7200002,4218.72000020001
"141","paleo","Base",1569,615136.9654869,690783.8,622083.8,75646.8345131,6946.83451310001
"142","paleo","Base",1570,615243.7501555,690783.8,622083.8,75540.0498445,6840.0498445
"143","paleo","Base",1571,616153.6576473,690783.8,622083.8,74630.1423527,5930.1423527
"144","paleo","Base",1572,613517.2565519,690783.8,622083.8,77266.5434481,8566.5434481
"145","paleo","Base",1573,618558.6448602,690783.8,622083.8,72225.1551398,3525.1551398
"146","paleo","Base",1574,607053.304477,690783.8,622083.8,83730.495523,15030.495523
"147","paleo","Base",1575,609579.5687013,690783.8,622083.8,81204.2312987,12504.2312987
"148","paleo","Base",1576,615178.985587,690783.8,622083.8,75604.814413,6904.814413
"149","paleo","Base",1577,621246.933869,690783.8,622083.8,69536.866131,836.866131000002
"150","paleo","Base",1578,619309.429656,690783.8,622083.8,71474.370344,2774.370344
"151","paleo","Base",1579,612137.869998,690783.8,622083.8,78645.930002,9945.93000199999
"152","paleo","Base",1580,597031.3350319,690783.8,622083.8,93752.4649681,25052.4649681
"153","paleo","Base",1581,618645.3808141,690783.8,622083.8,72138.4191859,3438.4191859
"154","paleo","Base",1582,618091.228319,690783.8,622083.8,72692.571681,3992.571681
"155","paleo","Base",1583,617159.710985,690783.8,622083.8,73624.089015,4924.089015
"156","paleo","Base",1584,603018.09987,690783.8,622083.8,87765.70013,19065.70013
"157","paleo","Base",1585,592609.1039152,690783.8,622083.8,98174.6960848,29474.6960848
"158","paleo","Base",1586,616520.3321328,690783.8,622083.8,74263.4678672,5563.46786719999
"159","paleo","Base",1587,617808.7404,690783.8,622083.8,72975.0596,4275.05959999999
"160","paleo","Base",1588,613229.743543483,690783.8,622083.8,77554.056456517,8854.05645651701
"161","paleo","Base",1589,619682.4935945,690783.8,622083.8,71101.3064055,2401.30640550001
"162","paleo","Base",1590,605693.1822185,690783.8,622083.8,85090.6177815,16390.6177815
"163","paleo","Base",1591,610836.074937,690783.8,622083.8,79947.725063,11247.725063
"164","paleo","Base",1592,593033.0946677,690783.8,622083.8,97750.7053323,29050.7053323
"165","paleo","Base",1593,611962.6351358,690783.8,622083.8,78821.1648642,10121.1648642
"166","paleo","Base",1594,615030.8054428,690783.8,622083.8,75752.9945572,7052.99455719999
"167","paleo","Base",1595,618750.17503,690783.8,622083.8,72033.62497,3333.62496999999
"168","paleo","Base",1596,620884.57307,690783.8,622083.8,69899.22693,1199.22693
"169","paleo","Base",1597,618099.698625,690783.8,622083.8,72684.101375,3984.101375
"170","paleo","Base",1598,610875.8153761,690783.8,622083.8,79907.9846239,11207.9846239
"171","paleo","Base",1599,615676.377682,690783.8,622083.8,75107.422318,6407.422318
"172","paleo","Base",1600,599269.504858,690783.8,622083.8,91514.295142,22814.295142
"173","paleo","Base",1601,620433.337648,690783.8,622083.8,70350.462352,1650.462352
"174","paleo","Base",1602,619943.606622,690783.8,622083.8,70840.193378,2140.193378
"175","paleo","Base",1603,622083.8,690783.8,622083.8,68700,0
"176","paleo","Base",1604,621117.993386,690783.8,622083.8,69665.806614,965.806614000001
"177","paleo","Base",1605,621171.346868,690783.8,622083.8,69612.453132,912.453131999995
"178","paleo","Base",1606,620658.602407,690783.8,622083.8,70125.197593,1425.197593
"179","paleo","Base",1607,611473.2877087,690783.8,622083.8,79310.5122913,10610.5122913
"180","paleo","Base",1608,620255.243966,690783.8,622083.8,70528.556034,1828.55603399999
"181","paleo","Base",1609,620484.446924,690783.8,622083.8,70299.353076,1599.353076
"182","paleo","Base",1610,619985.568542,690783.8,622083.8,70798.231458,2098.23145799999
"183","paleo","Base",1611,622078.234989,690783.8,622083.8,68705.565011,5.56501099999878
"184","paleo","Base",1612,620277.929108,690783.8,622083.8,70505.870892,1805.87089200001
"185","paleo","Base",1613,616821.9384957,690783.8,622083.8,73961.8615043,5261.8615043
"186","paleo","Base",1614,622078.81073,690783.8,622083.8,68704.98927,4.98927000000549
"187","paleo","Base",1615,622078.594171,690783.8,622083.8,68705.205829,5.20582899999863
"188","paleo","Base",1616,621985.762402,690783.8,622083.8,68798.037598,98.0375979999953
"189","paleo","Base",1617,622077.059672,690783.8,622083.8,68706.740328,6.74032799999986
"190","paleo","Base",1618,622077.708806,690783.8,622083.8,68706.091194,6.09119399999327
"191","paleo","Base",1619,621207.384077,690783.8,622083.8,69576.415923,876.415922999993
"192","paleo","Base",1620,620350.8487,690783.8,622083.8,70432.9513,1732.9513
"193","paleo","Base",1621,621780.711274,690783.8,622083.8,69003.088726,303.088726000002
"194","paleo","Base",1622,609812.9426134,690783.8,622083.8,80970.8573866,12270.8573866
"195","paleo","Base",1623,620489.68007575,690783.8,622083.8,70294.11992425,1594.11992425
"196","paleo","Base",1624,613313.41008424,690783.8,622083.8,77470.38991576,8770.38991575999
"197","paleo","Base",1625,620809.93769633,690783.8,622083.8,69973.86230367,1273.86230367
"198","paleo","Base",1626,611281.7712488,690783.8,622083.8,79502.0287512,10802.0287512
"199","paleo","Base",1627,616501.1602668,690783.8,622083.8,74282.6397332,5582.63973320001
"200","paleo","Base",1628,619069.308763,690783.8,622083.8,71714.491237,3014.49123699999
"201","paleo","Base",1629,611570.2618548,690783.8,622083.8,79213.5381452,10513.5381452
"202","paleo","Base",1630,607764.530201,690783.8,622083.8,83019.269799,14319.269799
"203","paleo","Base",1631,591556.6376706,690783.8,622083.8,99227.1623294,30527.1623294
"204","paleo","Base",1632,511563.40003142,690783.8,622083.8,179220.39996858,110520.39996858
"205","paleo","Base",1633,619646.640608,690783.8,622083.8,71137.159392,2437.159392
"206","paleo","Base",1634,606039.72259,690783.8,622083.8,84744.07741,16044.07741
"207","paleo","Base",1635,600938.1809572,690783.8,622083.8,89845.6190428,21145.6190428
"208","paleo","Base",1636,601765.0757679,690783.8,622083.8,89018.7242321,20318.7242321
"209","paleo","Base",1637,562217.8086706,690783.8,622083.8,128565.9913294,59865.9913294
"210","paleo","Base",1638,526101.8014535,690783.8,622083.8,164681.9985465,95981.9985465
"211","paleo","Base",1639,564561.3058831,690783.8,622083.8,126222.4941169,57522.4941169
"212","paleo","Base",1640,620554.003608,690783.8,622083.8,70229.796392,1529.796392
"213","paleo","Base",1641,621288.674326,690783.8,622083.8,69495.125674,795.125673999995
"214","paleo","Base",1642,622083.8,690783.8,622083.8,68700,0
"215","paleo","Base",1643,620038.094052,690783.8,622083.8,70745.705948,2045.705948
"216","paleo","Base",1644,613054.457883,690783.8,622083.8,77729.342117,9029.34211699999
"217","paleo","Base",1645,598581.9382268,690783.8,622083.8,92201.8617732,23501.8617732
"218","paleo","Base",1646,598458.9478429,690783.8,622083.8,92324.8521571,23624.8521571
"219","paleo","Base",1647,617295.459195,690783.8,622083.8,73488.340805,4788.340805
"220","paleo","Base",1648,616026.268658,690783.8,622083.8,74757.531342,6057.531342
"221","paleo","Base",1649,617833.940317,690783.8,622083.8,72949.859683,4249.859683
"222","paleo","Base",1650,619218.020196,690783.8,622083.8,71565.779804,2865.77980399999
"223","paleo","Base",1651,616949.2949267,690783.8,622083.8,73834.5050733,5134.50507329999
"224","paleo","Base",1652,593866.4995985,690783.8,622083.8,96917.3004015,28217.3004015
"225","paleo","Base",1653,591875.3647486,690783.8,622083.8,98908.4352514,30208.4352514
"226","paleo","Base",1654,606171.8229541,690783.8,622083.8,84611.9770459,15911.9770459
"227","paleo","Base",1655,614460.6217854,690783.8,622083.8,76323.1782146,7623.17821460001
"228","paleo","Base",1656,611760.2093375,690783.8,622083.8,79023.5906625,10323.5906625
"229","paleo","Base",1657,610831.2362981,690783.8,622083.8,79952.5637019,11252.5637019
"230","paleo","Base",1658,613599.9931158,690783.8,622083.8,77183.8068842,8483.8068842
"231","paleo","Base",1659,601607.9575107,690783.8,622083.8,89175.8424893,20475.8424893
"232","paleo","Base",1660,602500.151546,690783.8,622083.8,88283.648454,19583.648454
"233","paleo","Base",1661,593806.2810918,690783.8,622083.8,96977.5189082,28277.5189082
"234","paleo","Base",1662,614589.6951984,690783.8,622083.8,76194.1048016,7494.1048016
"235","paleo","Base",1663,613197.4222752,690783.8,622083.8,77586.3777248,8886.3777248
"236","paleo","Base",1664,617517.8447148,690783.8,622083.8,73265.9552852,4565.9552852
"237","paleo","Base",1665,618192.5859593,690783.8,622083.8,72591.2140407,3891.2140407
"238","paleo","Base",1666,618249.695218,690783.8,622083.8,72534.104782,3834.10478199999
"239","paleo","Base",1667,604467.47771101,690783.8,622083.8,86316.32228899,17616.32228899
"240","paleo","Base",1668,617326.9817223,690783.8,622083.8,73456.8182777,4756.8182777
"241","paleo","Base",1669,610848.45561019,690783.8,622083.8,79935.34438981,11235.34438981
"242","paleo","Base",1670,603572.6821251,690783.8,622083.8,87211.1178749,18511.1178749
"243","paleo","Base",1671,605031.0037471,690783.8,622083.8,85752.7962529,17052.7962529
"244","paleo","Base",1672,618906.74415063,690783.8,622083.8,71877.05584937,3177.05584937
"245","paleo","Base",1673,620070.177862,690783.8,622083.8,70713.622138,2013.62213800001
"246","paleo","Base",1674,622083.8,690783.8,622083.8,68700,0
"247","paleo","Base",1675,620963.040604,690783.8,622083.8,69820.759396,1120.75939599999
"248","paleo","Base",1676,622083.8,690783.8,622083.8,68700,0
"249","paleo","Base",1677,620319.338927,690783.8,622083.8,70464.461073,1764.461073
"250","paleo","Base",1678,618057.041957,690783.8,622083.8,72726.758043,4026.75804299999
"251","paleo","Base",1679,619005.735945,690783.8,622083.8,71778.064055,3078.064055
"252","paleo","Base",1680,622083.8,690783.8,622083.8,68700,0
"253","paleo","Base",1681,618859.06178,690783.8,622083.8,71924.73822,3224.73822
"254","paleo","Base",1682,618880.668441,690783.8,622083.8,71903.131559,3203.131559
"255","paleo","Base",1683,620952.674432,690783.8,622083.8,69831.125568,1131.125568
"256","paleo","Base",1684,619181.3368893,690783.8,622083.8,71602.4631107,2902.4631107
"257","paleo","Base",1685,605388.04503671,690783.8,622083.8,85395.75496329,16695.75496329
"258","paleo","Base",1686,604127.7553097,690783.8,622083.8,86656.0446903,17956.0446903
"259","paleo","Base",1687,622083.8,690783.8,622083.8,68700,0
"260","paleo","Base",1688,621614.305986,690783.8,622083.8,69169.494014,469.494013999996
"261","paleo","Base",1689,618435.122665,690783.8,622083.8,72348.677335,3648.677335
"262","paleo","Base",1690,614980.765299,690783.8,622083.8,75803.034701,7103.03470099998
"263","paleo","Base",1691,619105.499344,690783.8,622083.8,71678.300656,2978.30065600001
"264","paleo","Base",1692,621874.350787,690783.8,622083.8,68909.449213,209.449213
"265","paleo","Base",1693,621336.620724,690783.8,622083.8,69447.179276,747.179275999995
"266","paleo","Base",1694,620074.466437,690783.8,622083.8,70709.333563,2009.33356299999
"267","paleo","Base",1695,617369.873891,690783.8,622083.8,73413.926109,4713.92610900001
"268","paleo","Base",1696,619459.164395,690783.8,622083.8,71324.635605,2624.635605
"269","paleo","Base",1697,618924.277577,690783.8,622083.8,71859.522423,3159.522423
"270","paleo","Base",1698,618206.516127,690783.8,622083.8,72577.283873,3877.28387299999
"271","paleo","Base",1699,618604.440616,690783.8,622083.8,72179.359384,3479.359384
"272","paleo","Base",1700,620953.791561,690783.8,622083.8,69830.008439,1130.008439
"273","paleo","Base",1701,622083.8,690783.8,622083.8,68700,0
"274","paleo","Base",1702,622083.8,690783.8,622083.8,68700,0
"275","paleo","Base",1703,615156.191789,690783.8,622083.8,75627.608211,6927.608211
"276","paleo","Base",1704,612934.5844166,690783.8,622083.8,77849.2155834,9149.2155834
"277","paleo","Base",1705,614149.5215358,690783.8,622083.8,76634.2784642,7934.27846420001
"278","paleo","Base",1706,605585.19287,690783.8,622083.8,85198.60713,16498.60713
"279","paleo","Base",1707,603268.3312578,690783.8,622083.8,87515.4687422,18815.4687422
"280","paleo","Base",1708,598144.6040188,690783.8,622083.8,92639.1959812,23939.1959812
"281","paleo","Base",1709,608666.8649216,690783.8,622083.8,82116.9350784,13416.9350784
"282","paleo","Base",1710,606279.3915033,690783.8,622083.8,84504.4084967,15804.4084967
"283","paleo","Base",1711,617566.7139336,690783.8,622083.8,73217.0860664,4517.0860664
"284","paleo","Base",1712,617341.9976185,690783.8,622083.8,73441.8023815,4741.8023815
"285","paleo","Base",1713,612233.43853779,690783.8,622083.8,78550.36146221,9850.36146221
"286","paleo","Base",1714,611185.480091,690783.8,622083.8,79598.319909,10898.319909
"287","paleo","Base",1715,610035.4594031,690783.8,622083.8,80748.3405969,12048.3405969
"288","paleo","Base",1716,613008.07281318,690783.8,622083.8,77775.72718682,9075.72718682
"289","paleo","Base",1717,616643.119197,690783.8,622083.8,74140.680803,5440.680803
"290","paleo","Base",1718,613713.260385,690783.8,622083.8,77070.539615,8370.53961499998
"291","paleo","Base",1719,613608.8149301,690783.8,622083.8,77174.9850699,8474.98506989999
"292","paleo","Base",1720,619979.3880873,690783.8,622083.8,70804.4119127,2104.4119127
"293","paleo","Base",1721,598838.7258634,690783.8,622083.8,91945.0741366,23245.0741366
"294","paleo","Base",1722,608397.56119294,690783.8,622083.8,82386.23880706,13686.23880706
"295","paleo","Base",1723,619720.6708753,690783.8,622083.8,71063.1291247,2363.1291247
"296","paleo","Base",1724,619392.392145,690783.8,622083.8,71391.407855,2691.407855
"297","paleo","Base",1725,622078.716066,690783.8,622083.8,68705.083934,5.08393399999477
"298","paleo","Base",1726,622078.472012,690783.8,622083.8,68705.327988,5.32798800000455
"299","paleo","Base",1727,622078.237917,690783.8,622083.8,68705.562083,5.56208299999707
"300","paleo","Base",1728,620917.378404,690783.8,622083.8,69866.421596,1166.421596
"301","paleo","Base",1729,603370.24390298,690783.8,622083.8,87413.55609702,18713.55609702
"302","paleo","Base",1730,619801.90948,690783.8,622083.8,70981.89052,2281.89052
"303","paleo","Base",1731,620604.1631,690783.8,622083.8,70179.6369,1479.6369
"304","paleo","Base",1732,620199.680483,690783.8,622083.8,70584.119517,1884.119517
"305","paleo","Base",1733,620839.517261,690783.8,622083.8,69944.282739,1244.282739
"306","paleo","Base",1734,620742.083386,690783.8,622083.8,70041.716614,1341.716614
"307","paleo","Base",1735,592478.6509772,690783.8,622083.8,98305.1490228,29605.1490228
"308","paleo","Base",1736,592250.653428,690783.8,622083.8,98533.146572,29833.146572
"309","paleo","Base",1737,615471.741998,690783.8,622083.8,75312.058002,6612.05800199999
"310","paleo","Base",1738,618539.604994,690783.8,622083.8,72244.195006,3544.19500600001
"311","paleo","Base",1739,618210.911735,690783.8,622083.8,72572.888265,3872.88826499999
"312","paleo","Base",1740,617794.224536,690783.8,622083.8,72989.575464,4289.57546399999
"313","paleo","Base",1741,619488.119056,690783.8,622083.8,71295.680944,2595.68094400001
"314","paleo","Base",1742,619383.12285,690783.8,622083.8,71400.67715,2700.67715
"315","paleo","Base",1743,618110.69503,690783.8,622083.8,72673.10497,3973.10497
"316","paleo","Base",1744,614878.96545,690783.8,622083.8,75904.83455,7204.83455
"317","paleo","Base",1745,618482.267816,690783.8,622083.8,72301.532184,3601.532184
"318","paleo","Base",1746,622079.978829,690783.8,622083.8,68703.821171,3.82117100000323
"319","paleo","Base",1747,622078.462773,690783.8,622083.8,68705.337227,5.33722699999635
"320","paleo","Base",1748,615914.117704,690783.8,622083.8,74869.682296,6169.682296
"321","paleo","Base",1749,619370.415971,690783.8,622083.8,71413.384029,2713.38402899999
"322","paleo","Base",1750,612917.365245,690783.8,622083.8,77866.434755,9166.434755
"323","paleo","Base",1751,608826.1271509,690783.8,622083.8,81957.6728491,13257.6728491
"324","paleo","Base",1752,618846.20243625,690783.8,622083.8,71937.59756375,3237.59756375
"325","paleo","Base",1753,619255.808749,690783.8,622083.8,71527.991251,2827.991251
"326","paleo","Base",1754,619382.4861813,690783.8,622083.8,71401.3138187,2701.31381870001
"327","paleo","Base",1755,608840.368632583,690783.8,622083.8,81943.431367417,13243.431367417
"328","paleo","Base",1756,590918.14831657,690783.8,622083.8,99865.65168343,31165.65168343
"329","paleo","Base",1757,606834.3682831,690783.8,622083.8,83949.4317169,15249.4317169
"330","paleo","Base",1758,611980.6976331,690783.8,622083.8,78803.1023669,10103.1023669
"331","paleo","Base",1759,606914.5584271,690783.8,622083.8,83869.2415729,15169.2415729
"332","paleo","Base",1760,618525.5517064,690783.8,622083.8,72258.2482936,3558.24829359999
"333","paleo","Base",1761,620551.806484,690783.8,622083.8,70231.993516,1531.993516
"334","paleo","Base",1762,620705.339294,690783.8,622083.8,70078.460706,1378.460706
"335","paleo","Base",1763,617630.273617,690783.8,622083.8,73153.526383,4453.526383
"336","paleo","Base",1764,619566.63164916,690783.8,622083.8,71217.16835084,2517.16835084001
"337","paleo","Base",1765,608317.0447476,690783.8,622083.8,82466.7552524,13766.7552524
"338","paleo","Base",1766,620567.310637,690783.8,622083.8,70216.489363,1516.489363
"339","paleo","Base",1767,622078.808885,690783.8,622083.8,68704.991115,4.99111499999708
"340","paleo","Base",1768,622077.789254,690783.8,622083.8,68706.010746,6.01074599999993
"341","paleo","Base",1769,622083.8,690783.8,622083.8,68700,0
"342","paleo","Base",1770,615620.908737,690783.8,622083.8,75162.891263,6462.891263
"343","paleo","Base",1771,620006.989904,690783.8,622083.8,70776.810096,2076.810096
"344","paleo","Base",1772,607479.11197344,690783.8,622083.8,83304.68802656,14604.68802656
"345","paleo","Base",1773,611668.33971002,690783.8,622083.8,79115.46028998,10415.46028998
"346","paleo","Base",1774,614572.692141,690783.8,622083.8,76211.107859,7511.107859
"347","paleo","Base",1775,620899.255568,690783.8,622083.8,69884.544432,1184.544432
"348","paleo","Base",1776,619173.464181,690783.8,622083.8,71610.335819,2910.335819
"349","paleo","Base",1777,590924.1645585,690783.8,622083.8,99859.6354415,31159.6354415
"350","paleo","Base",1778,601916.9053575,690783.8,622083.8,88866.8946425,20166.8946425
"351","paleo","Base",1779,611089.5415274,690783.8,622083.8,79694.2584726,10994.2584726
"352","paleo","Base",1780,606421.495739,690783.8,622083.8,84362.304261,15662.304261
"353","paleo","Base",1781,614495.535744,690783.8,622083.8,76288.264256,7588.264256
"354","paleo","Base",1782,600040.85696442,690783.8,622083.8,90742.94303558,22042.94303558
"355","paleo","Base",1783,602561.6904487,690783.8,622083.8,88222.1095513,19522.1095513
"356","paleo","Base",1784,620180.745254,690783.8,622083.8,70603.054746,1903.05474599999
"357","paleo","Base",1785,619484.129078,690783.8,622083.8,71299.670922,2599.670922
"358","paleo","Base",1786,618535.511223,690783.8,622083.8,72248.288777,3548.28877699999
"359","paleo","Base",1787,619880.331415,690783.8,622083.8,70903.468585,2203.468585
"360","paleo","Base",1788,617523.449972,690783.8,622083.8,73260.350028,4560.350028
"361","paleo","Base",1789,619065.172902,690783.8,622083.8,71718.627098,3018.627098
"362","paleo","Base",1790,622077.947244,690783.8,622083.8,68705.852756,5.8527560000075
"363","paleo","Base",1791,622078.05286,690783.8,622083.8,68705.74714,5.74714000000677
"364","paleo","Base",1792,622078.195938,690783.8,622083.8,68705.604062,5.60406199999852
"365","paleo","Base",1793,618273.526493,690783.8,622083.8,72510.273507,3810.27350699999
"366","paleo","Base",1794,604911.069592,690783.8,622083.8,85872.730408,17172.730408
"367","paleo","Base",1795,581396.0415093,690783.8,622083.8,109387.7584907,40687.7584907
"368","paleo","Base",1796,605995.39062266,690783.8,622083.8,84788.40937734,16088.40937734
"369","paleo","Base",1797,619326.22702085,690783.8,622083.8,71457.57297915,2757.57297914999
"370","paleo","Base",1798,600123.11232295,690783.8,622083.8,90660.68767705,21960.68767705
"371","paleo","Base",1799,618614.1479767,690783.8,622083.8,72169.6520233,3469.6520233
"372","paleo","Base",1800,595400.051096,690783.8,622083.8,95383.748904,26683.748904
"373","paleo","Base",1801,615150.151048,690783.8,622083.8,75633.648952,6933.64895199999
"374","paleo","Base",1802,619481.213404,690783.8,622083.8,71302.586596,2602.58659600001
"375","paleo","Base",1803,614879.3915137,690783.8,622083.8,75904.4084863,7204.4084863
"376","paleo","Base",1804,598487.81322229,690783.8,622083.8,92295.98677771,23595.98677771
"377","paleo","Base",1805,615975.746604,690783.8,622083.8,74808.053396,6108.05339600001
"378","paleo","Base",1806,608706.1435057,690783.8,622083.8,82077.6564943,13377.6564943
"379","paleo","Base",1807,617176.6493356,690783.8,622083.8,73607.1506644,4907.15066440001
"380","paleo","Base",1808,608090.254012427,690783.8,622083.8,82693.545987573,13993.545987573
"381","paleo","Base",1809,618944.13965,690783.8,622083.8,71839.66035,3139.66035
"382","paleo","Base",1810,622078.457041,690783.8,622083.8,68705.342959,5.34295900000143
"383","paleo","Base",1811,622078.1102,690783.8,622083.8,68705.6898,5.68979999999283
"384","paleo","Base",1812,619993.616995,690783.8,622083.8,70790.183005,2090.183005
"385","paleo","Base",1813,609794.2150835,690783.8,622083.8,80989.5849165,12289.5849165
"386","paleo","Base",1814,607726.4553959,690783.8,622083.8,83057.3446041,14357.3446041
"387","paleo","Base",1815,619925.87667,690783.8,622083.8,70857.92333,2157.92332999999
"388","paleo","Base",1816,620079.332136,690783.8,622083.8,70704.467864,2004.46786400001
"389","paleo","Base",1817,619024.006728,690783.8,622083.8,71759.793272,3059.79327200001
"390","paleo","Base",1818,615041.3237623,690783.8,622083.8,75742.4762377,7042.4762377
"391","paleo","Base",1819,619658.146186,690783.8,622083.8,71125.653814,2425.653814
"392","paleo","Base",1820,620663.829289,690783.8,622083.8,70119.970711,1419.970711
"393","paleo","Base",1821,621178.475094,690783.8,622083.8,69605.324906,905.324905999994
"394","paleo","Base",1822,607190.736893,690783.8,622083.8,83593.063107,14893.063107
"395","paleo","Base",1823,608946.3772966,690783.8,622083.8,81837.4227034,13137.4227034
"396","paleo","Base",1824,593991.4000745,690783.8,622083.8,96792.3999255,28092.3999255
"397","paleo","Base",1825,606836.8278952,690783.8,622083.8,83946.9721048,15246.9721048
"398","paleo","Base",1826,619315.312164,690783.8,622083.8,71468.487836,2768.487836
"399","paleo","Base",1827,619603.371943,690783.8,622083.8,71180.428057,2480.42805700001
"400","paleo","Base",1828,622063.327911,690783.8,622083.8,68720.472089,20.4720890000026
"401","paleo","Base",1829,618596.348222,690783.8,622083.8,72187.451778,3487.451778
"402","paleo","Base",1830,614855.6291597,690783.8,622083.8,75928.1708403,7228.1708403
"403","paleo","Base",1831,618805.797252,690783.8,622083.8,71978.002748,3278.002748
"404","paleo","Base",1832,622077.89266,690783.8,622083.8,68705.90734,5.90734000000521
"405","paleo","Base",1833,619034.944813,690783.8,622083.8,71748.855187,3048.85518699999
"406","paleo","Base",1834,604486.5921471,690783.8,622083.8,86297.2078529,17597.2078529
"407","paleo","Base",1835,618232.0964068,690783.8,622083.8,72551.7035932,3851.7035932
"408","paleo","Base",1836,618530.1742145,690783.8,622083.8,72253.6257855,3553.62578549999
"409","paleo","Base",1837,619753.68673,690783.8,622083.8,71030.11327,2330.11327
"410","paleo","Base",1838,620582.255339,690783.8,622083.8,70201.544661,1501.54466099999
"411","paleo","Base",1839,619632.134752,690783.8,622083.8,71151.665248,2451.66524799999
"412","paleo","Base",1840,620542.867151,690783.8,622083.8,70240.932849,1540.932849
"413","paleo","Base",1841,618448.172117,690783.8,622083.8,72335.627883,3635.62788300001
"414","paleo","Base",1842,616547.5681881,690783.8,622083.8,74236.2318119,5536.2318119
"415","paleo","Base",1843,618969.39791452,690783.8,622083.8,71814.40208548,3114.40208548
"416","paleo","Base",1844,614514.96437507,690783.8,622083.8,76268.83562493,7568.83562493
"417","paleo","Base",1845,602681.702436,690783.8,622083.8,88102.097564,19402.097564
"418","paleo","Base",1846,598881.8317161,690783.8,622083.8,91901.9682839,23201.9682839
"419","paleo","Base",1847,610445.1435512,690783.8,622083.8,80338.6564488,11638.6564488
"420","paleo","Base",1848,619299.3536,690783.8,622083.8,71484.4464,2784.4464
"421","paleo","Base",1849,622083.8,690783.8,622083.8,68700,0
"422","paleo","Base",1850,621065.823898,690783.8,622083.8,69717.976102,1017.976102
"423","paleo","Base",1851,617592.3071854,690783.8,622083.8,73191.4928146,4491.49281460001
"424","paleo","Base",1852,620528.574034,690783.8,622083.8,70255.225966,1555.225966
"425","paleo","Base",1853,622078.155412,690783.8,622083.8,68705.644588,5.64458799999557
"426","paleo","Base",1854,622083.8,690783.8,622083.8,68700,0
"427","paleo","Base",1855,618137.570606,690783.8,622083.8,72646.229394,3946.22939400001
"428","paleo","Base",1856,615960.7335126,690783.8,622083.8,74823.0664874,6123.0664874
"429","paleo","Base",1857,607274.974796,690783.8,622083.8,83508.825204,14808.825204
"430","paleo","Base",1858,619846.3556138,690783.8,622083.8,70937.4443862,2237.4443862
"431","paleo","Base",1859,618865.2097762,690783.8,622083.8,71918.5902238,3218.59022379999
"432","paleo","Base",1860,617819.091977,690783.8,622083.8,72964.708023,4264.708023
"433","paleo","Base",1861,616681.9902917,690783.8,622083.8,74101.8097083,5401.8097083
"434","paleo","Base",1862,620875.320329,690783.8,622083.8,69908.479671,1208.47967099999
"435","paleo","Base",1863,614909.76459,690783.8,622083.8,75874.03541,7174.03541000001
"436","paleo","Base",1864,606709.1094194,690783.8,622083.8,84074.6905806,15374.6905806
"437","paleo","Base",1865,617900.32471,690783.8,622083.8,72883.47529,4183.47529
"438","paleo","Base",1866,619867.26987,690783.8,622083.8,70916.53013,2216.53013
"439","paleo","Base",1867,619439.935408,690783.8,622083.8,71343.864592,2643.864592
"440","paleo","Base",1868,620983.790571,690783.8,622083.8,69800.009429,1100.009429
"441","paleo","Base",1869,619224.782169,690783.8,622083.8,71559.017831,2859.017831
"442","paleo","Base",1870,617456.470097,690783.8,622083.8,73327.329903,4627.32990299999
"443","paleo","Base",1871,606108.5379731,690783.8,622083.8,84675.2620269,15975.2620269
"444","paleo","Base",1872,617938.828617,690783.8,622083.8,72844.971383,4144.971383
"445","paleo","Base",1873,620179.904945,690783.8,622083.8,70603.895055,1903.895055
"446","paleo","Base",1874,619866.183834,690783.8,622083.8,70917.616166,2217.61616600001
"447","paleo","Base",1875,620012.819982,690783.8,622083.8,70770.980018,2070.980018
"448","paleo","Base",1876,619895.54425,690783.8,622083.8,70888.25575,2188.25575
"449","paleo","Base",1877,619931.427671947,690783.8,622083.8,70852.372328053,2152.37232805301
"450","paleo","Base",1878,611785.621194,690783.8,622083.8,78998.178806,10298.178806
"451","paleo","Base",1879,606413.16972112,690783.8,622083.8,84370.63027888,15670.63027888
"452","paleo","Base",1880,618283.893485,690783.8,622083.8,72499.906515,3799.90651500001
"453","paleo","Base",1881,618974.131639,690783.8,622083.8,71809.668361,3109.668361
"454","paleo","Base",1882,614810.631878,690783.8,622083.8,75973.168122,7273.168122
"455","paleo","Base",1883,616055.0515183,690783.8,622083.8,74728.7484817,6028.7484817
"456","paleo","Base",1884,621314.57828,690783.8,622083.8,69469.22172,769.221720000001
"457","paleo","Base",1885,621780.352877,690783.8,622083.8,69003.447123,303.447123000005
"458","paleo","Base",1886,618181.418888,690783.8,622083.8,72602.381112,3902.381112
"459","paleo","Base",1887,617324.113155,690783.8,622083.8,73459.686845,4759.68684499999
"460","paleo","Base",1888,608377.720015,690783.8,622083.8,82406.079985,13706.079985
"461","paleo","Base",1889,576261.7881928,690783.8,622083.8,114522.0118072,45822.0118072
"462","paleo","Base",1890,618680.704643,690783.8,622083.8,72103.095357,3403.095357
"463","paleo","Base",1891,620428.363625,690783.8,622083.8,70355.436375,1655.436375
"464","paleo","Base",1892,614489.1077191,690783.8,622083.8,76294.6922809,7594.6922809
"465","paleo","Base",1893,607711.2368643,690783.8,622083.8,83072.5631357,14372.5631357
"466","paleo","Base",1894,617923.179354,690783.8,622083.8,72860.620646,4160.620646
"467","paleo","Base",1895,619262.7724394,690783.8,622083.8,71521.0275606,2821.02756060001
"468","paleo","Base",1896,614803.3364295,690783.8,622083.8,75980.4635705,7280.4635705
"469","paleo","Base",1897,619166.256843,690783.8,622083.8,71617.543157,2917.54315700001
"470","paleo","Base",1898,620676.478487,690783.8,622083.8,70107.321513,1407.321513
"471","paleo","Base",1899,618838.2842025,690783.8,622083.8,71945.5157975,3245.51579749999
"472","paleo","Base",1900,605351.3261988,690783.8,622083.8,85432.4738012,16732.4738012
"473","paleo","Base",1901,608805.7999029,690783.8,622083.8,81978.0000971,13278.0000971
"474","paleo","Base",1902,610643.16030954,690783.8,622083.8,80140.63969046,11440.63969046
"475","paleo","Base",1903,612377.7718908,690783.8,622083.8,78406.0281092,9706.0281092
"476","paleo","Base",1904,569361.466482,637794.2,576651.2,68432.733518,7289.73351800001
"477","observed","Base",1904,45097.393755,52989.6,45432.6,7892.206245,335.206244999998
"478","observed","Base",1905,612859.3603821,690783.8,622083.8,77924.4396179,9224.43961789999
"479","observed","Base",1906,621080.447245,690783.8,622083.8,69703.352755,1003.352755
"480","observed","Base",1907,622083.8,690783.8,622083.8,68700,0
"481","observed","Base",1908,621230.196277,690783.8,622083.8,69553.603723,853.603723000007
"482","observed","Base",1909,621183.367225,690783.8,622083.8,69600.432775,900.432774999994
"483","observed","Base",1910,619008.678622,690783.8,622083.8,71775.121378,3075.121378
"484","observed","Base",1911,618409.375277,690783.8,622083.8,72374.424723,3674.424723
"485","observed","Base",1912,619124.303537,690783.8,622083.8,71659.496463,2959.496463
"486","observed","Base",1913,620153.258394,690783.8,622083.8,70630.541606,1930.541606
"487","observed","Base",1914,620593.366214,690783.8,622083.8,70190.433786,1490.43378599999
"488","observed","Base",1915,618013.967934,690783.8,622083.8,72769.832066,4069.832066
"489","observed","Base",1916,618865.291306,690783.8,622083.8,71918.508694,3218.508694
"490","observed","Base",1917,620604.583832,690783.8,622083.8,70179.216168,1479.216168
"491","observed","Base",1918,617931.005396,690783.8,622083.8,72852.794604,4152.794604
"492","observed","Base",1919,615431.595743,690783.8,622083.8,75352.204257,6652.204257
"493","observed","Base",1920,619434.790726,690783.8,622083.8,71349.009274,2649.009274
"494","observed","Base",1921,621067.171228,690783.8,622083.8,69716.628772,1016.628772
"495","observed","Base",1922,620028.942155,690783.8,622083.8,70754.857845,2054.85784500001
"496","observed","Base",1923,620631.579009,690783.8,622083.8,70152.220991,1452.22099099999
"497","observed","Base",1924,616961.8643521,690783.8,622083.8,73821.9356479,5121.9356479
"498","observed","Base",1925,617818.4951245,690783.8,622083.8,72965.3048755,4265.3048755
"499","observed","Base",1926,610410.697718,690783.8,622083.8,80373.102282,11673.102282
"500","observed","Base",1927,617399.864664,690783.8,622083.8,73383.935336,4683.93533600001
"501","observed","Base",1928,619446.240538,690783.8,622083.8,71337.559462,2637.55946199999
"502","observed","Base",1929,619456.94845,690783.8,622083.8,71326.85155,2626.85155000001
"503","observed","Base",1930,617238.230279,690783.8,622083.8,73545.569721,4845.56972099999
"504","observed","Base",1931,591831.376839492,690783.8,622083.8,98952.423160508,30252.423160508
"505","observed","Base",1932,608437.6411158,690783.8,622083.8,82346.1588842,13646.1588842
"506","observed","Base",1933,607368.766589,690783.8,622083.8,83415.033411,14715.033411
"507","observed","Base",1934,545478.6138037,690783.8,622083.8,145305.1861963,76605.1861963
"508","observed","Base",1935,601874.3042233,690783.8,622083.8,88909.4957767,20209.4957767
"509","observed","Base",1936,614368.6572764,690783.8,622083.8,76415.1427236,7715.14272359999
"510","observed","Base",1937,618587.592799,690783.8,622083.8,72196.207201,3496.207201
"511","observed","Base",1938,618480.462579,690783.8,622083.8,72303.337421,3603.33742099999
"512","observed","Base",1939,601886.6294147,690783.8,622083.8,88897.1705853,20197.1705853
"513","observed","Base",1940,614174.7770139,690783.8,622083.8,76609.0229861,7909.02298609999
"514","observed","Base",1941,620298.304803,690783.8,622083.8,70485.495197,1785.495197
"515","observed","Base",1942,619400.146814,690783.8,622083.8,71383.653186,2683.653186
"516","observed","Base",1943,618877.393822,690783.8,622083.8,71906.406178,3206.406178
"517","observed","Base",1944,619473.8489,690783.8,622083.8,71309.9511,2609.95110000001
"518","observed","Base",1945,614687.3329923,690783.8,622083.8,76096.4670077,7396.4670077
"519","observed","Base",1946,617598.671168,690783.8,622083.8,73185.128832,4485.128832
"520","observed","Base",1947,621822.491899,690783.8,622083.8,68961.308101,261.308101000002
"521","observed","Base",1948,616652.058303,690783.8,622083.8,74131.741697,5431.741697
"522","observed","Base",1949,619280.400715,690783.8,622083.8,71503.399285,2803.39928499999
"523","observed","Base",1950,618777.541364,690783.8,622083.8,72006.258636,3306.258636
"524","observed","Base",1951,619783.989871,690783.8,622083.8,70999.810129,2299.810129
"525","observed","Base",1952,618966.258413,690783.8,622083.8,71817.541587,3117.541587
"526","observed","Base",1953,615566.6404868,690783.8,622083.8,75217.1595132,6517.1595132
"527","observed","Base",1954,607180.86160577,690783.8,622083.8,83602.93839423,14902.93839423
"528","observed","Base",1955,607893.47969703,690783.8,622083.8,82890.32030297,14190.32030297
"529","observed","Base",1956,611003.771649,690783.8,622083.8,79780.028351,11080.028351
"530","observed","Base",1957,619860.886374871,690783.8,622083.8,70922.913625129,2222.913625129
"531","observed","Base",1958,608595.8929371,690783.8,622083.8,82187.9070629,13487.9070629
"532","observed","Base",1959,594869.94358052,690783.8,622083.8,95913.85641948,27213.85641948
"533","observed","Base",1960,603314.7092827,690783.8,622083.8,87469.0907173,18769.0907173
"534","observed","Base",1961,562765.7067322,690783.8,622083.8,128018.0932678,59318.0932678
"535","observed","Base",1962,619185.3677631,690783.8,622083.8,71598.4322369,2898.43223689999
"536","observed","Base",1963,617067.7799092,690783.8,622083.8,73716.0200908,5016.0200908
"537","observed","Base",1964,617176.7986261,690783.8,622083.8,73607.0013739,4907.0013739
"538","observed","Base",1965,622083.8,690783.8,622083.8,68700,0
"539","observed","Base",1966,619536.858427,690783.8,622083.8,71246.941573,2546.94157299999
"540","observed","Base",1967,622083.8,690783.8,622083.8,68700,0
"541","observed","Base",1968,619874.26646,690783.8,622083.8,70909.53354,2209.53354
"542","observed","Base",1969,619598.623309,690783.8,622083.8,71185.176691,2485.176691
"543","observed","Base",1970,618586.393531,690783.8,622083.8,72197.406469,3497.40646900001
"544","observed","Base",1971,620288.877204,690783.8,622083.8,70494.922796,1794.922796
"545","observed","Base",1972,615512.72160669,690783.8,622083.8,75271.07839331,6571.07839331
"546","observed","Base",1973,619151.293215,690783.8,622083.8,71632.506785,2932.50678499999
"547","observed","Base",1974,616172.4348275,690783.8,622083.8,74611.3651725,5911.36517250001
"548","observed","Base",1975,619591.8795706,690783.8,622083.8,71191.9204294,2491.92042939999
"549","observed","Base",1976,610990.24464852,690783.8,622083.8,79793.55535148,11093.55535148
"550","observed","Base",1977,584573.5597624,690783.8,622083.8,106210.2402376,37510.2402376
"551","observed","Base",1978,618807.2692941,690783.8,622083.8,71976.5307059,3276.53070590001
"552","observed","Base",1979,617023.76816036,690783.8,622083.8,73760.03183964,5060.03183964
"553","observed","Base",1980,618143.373899,690783.8,622083.8,72640.426101,3940.426101
"554","observed","Base",1981,614092.838945,690783.8,622083.8,76690.961055,7990.96105500001
"555","observed","Base",1982,622083.8,690783.8,622083.8,68700,0
"556","observed","Base",1983,622076.633333,690783.8,622083.8,68707.166667,7.16666699999769
"557","observed","Base",1984,622083.8,690783.8,622083.8,68700,0
"558","observed","Base",1985,622083.8,690783.8,622083.8,68700,0
"559","observed","Base",1986,622083.8,690783.8,622083.8,68700,0
"560","observed","Base",1987,613207.326917,690783.8,622083.8,77576.473083,8876.47308299999
"561","observed","Base",1988,600779.368977,690783.8,622083.8,90004.431023,21304.431023
"562","observed","Base",1989,613609.5725461,690783.8,622083.8,77174.2274539,8474.2274539
"563","observed","Base",1990,589504.317462,690783.8,622083.8,101279.482538,32579.482538
"564","observed","Base",1991,606619.6956422,690783.8,622083.8,84164.1043578,15464.1043578
"565","observed","Base",1992,542744.987861,690783.8,622083.8,148038.812139,79338.812139
"566","observed","Base",1993,619790.274324,690783.8,622083.8,70993.525676,2293.52567599999
"567","observed","Base",1994,607284.6662323,690783.8,622083.8,83499.1337677,14799.1337677
"568","observed","Base",1995,620966.789418,690783.8,622083.8,69817.010582,1117.010582
"569","observed","Base",1996,616797.650361,690783.8,622083.8,73986.149639,5286.14963900001
"570","observed","Base",1997,621571.170434,690783.8,622083.8,69212.629566,512.629566000003
"571","observed","Base",1998,622083.8,690783.8,622083.8,68700,0
"572","observed","Base",1999,620855.45,690783.8,622083.8,69928.35,1228.35000000001
"573","observed","Base",2000,613608.123389,690783.8,622083.8,77175.676611,8475.67661099999
"574","observed","Base",2001,599844.6788425,690783.8,622083.8,90939.1211575,22239.1211575
"575","observed","Base",2002,605992.0827496,690783.8,622083.8,84791.7172504,16091.7172504
"576","observed","Base",2003,602307.787253,690783.8,622083.8,88476.012747,19776.012747
"577","observed","Base",2004,609106.8432313,690783.8,622083.8,81676.9567687,12976.9567687
"578","observed","Base",2005,619472.666173,690783.8,622083.8,71311.133827,2611.133827
"579","observed","Base",2006,613050.959402,690783.8,622083.8,77732.840598,9032.84059800001
"580","observed","Base",2007,605728.610122,690783.8,622083.8,85055.189878,16355.189878
"581","observed","Base",2008,617350.956672,690783.8,622083.8,73432.843328,4732.84332799999
"582","observed","Base",2009,618994.554428,690783.8,622083.8,71789.245572,3089.245572
"583","observed","Base",2010,572431.060593,637794.2,576651.2,65363.139407,4220.139407
"584","base","Base",1980,44216.1,52989.6,45432.6,8773.5,1216.5
"585","base","Base",1981,614092.838945,690783.8,622083.8,76690.961055,7990.96105500001
"586","base","Base",1982,622083.8,690783.8,622083.8,68700,0
"587","base","Base",1983,622076.633333,690783.8,622083.8,68707.166667,7.16666699999769
"588","base","Base",1984,622083.8,690783.8,622083.8,68700,0
"589","base","Base",1985,622083.8,690783.8,622083.8,68700,0
"590","base","Base",1986,622083.8,690783.8,622083.8,68700,0
"591","base","Base",1987,613207.326917,690783.8,622083.8,77576.473083,8876.47308299999
"592","base","Base",1988,600779.368977,690783.8,622083.8,90004.431023,21304.431023
"593","base","Base",1989,613609.5725461,690783.8,622083.8,77174.2274539,8474.2274539
"594","base","Base",1990,589504.317462,690783.8,622083.8,101279.482538,32579.482538
"595","base","Base",1991,606619.6956422,690783.8,622083.8,84164.1043578,15464.1043578
"596","base","Base",1992,542744.987861,690783.8,622083.8,148038.812139,79338.812139
"597","base","Base",1993,619790.274324,690783.8,622083.8,70993.525676,2293.52567599999
"598","base","Base",1994,607284.6662323,690783.8,622083.8,83499.1337677,14799.1337677
"599","base","Base",1995,620966.789418,690783.8,622083.8,69817.010582,1117.010582
"600","base","Base",1996,616797.650361,690783.8,622083.8,73986.149639,5286.14963900001
"601","base","Base",1997,621571.170434,690783.8,622083.8,69212.629566,512.629566000003
"602","base","Base",1998,622083.8,690783.8,622083.8,68700,0
"603","base","Base",1999,620855.45,690783.8,622083.8,69928.35,1228.35000000001
"604","base","Base",2000,613608.123389,690783.8,622083.8,77175.676611,8475.67661099999
"605","base","Base",2001,599844.6788425,690783.8,622083.8,90939.1211575,22239.1211575
"606","base","Base",2002,605992.0827496,690783.8,622083.8,84791.7172504,16091.7172504
"607","base","Base",2003,602307.787253,690783.8,622083.8,88476.012747,19776.012747
"608","base","Base",2004,609106.8432313,690783.8,622083.8,81676.9567687,12976.9567687
"609","base","Base",2005,619472.666173,690783.8,622083.8,71311.133827,2611.133827
"610","base","Base",2006,613050.959402,690783.8,622083.8,77732.840598,9032.84059800001
"611","base","Base",2007,605728.610122,690783.8,622083.8,85055.189878,16355.189878
"612","base","Base",2008,617350.956672,690783.8,622083.8,73432.843328,4732.84332799999
"613","base","Base",2009,618994.554428,690783.8,622083.8,71789.245572,3089.245572
"614","base","Base",2010,572431.060593,637794.2,576651.2,65363.139407,4220.139407
"615","ww","Base",2035,44247.880555,52989.6,45432.6,8741.719445,1184.719445
"616","ww","Base",2036,615599.336907,690783.8,622083.8,75184.463093,6484.46309300001
"617","ww","Base",2037,621822.735078,690783.8,622083.8,68961.064922,261.064922000005
"618","ww","Base",2038,620587.551936,690783.8,622083.8,70196.248064,1496.248064
"619","ww","Base",2039,620267.547853,690783.8,622083.8,70516.252147,1816.25214700001
"620","ww","Base",2040,617101.859497,690783.8,622083.8,73681.940503,4981.94050299999
"621","ww","Base",2041,618674.81471,690783.8,622083.8,72108.98529,3408.98529
"622","ww","Base",2042,607040.626085,690783.8,622083.8,83743.173915,15043.173915
"623","ww","Base",2043,605382.5834079,690783.8,622083.8,85401.2165921,16701.2165921
"624","ww","Base",2044,617979.577833,690783.8,622083.8,72804.222167,4104.222167
"625","ww","Base",2045,617872.993762,690783.8,622083.8,72910.806238,4210.80623799999
"626","ww","Base",2046,618739.311263,690783.8,622083.8,72044.488737,3344.48873700001
"627","ww","Base",2047,606005.648885,690783.8,622083.8,84778.151115,16078.151115
"628","ww","Base",2048,619760.853132,690783.8,622083.8,71022.946868,2322.946868
"629","ww","Base",2049,611322.716659,690783.8,622083.8,79461.083341,10761.083341
"630","ww","Base",2050,621736.307908,690783.8,622083.8,69047.492092,347.492092
"631","ww","Base",2051,618199.125584,690783.8,622083.8,72584.674416,3884.67441599999
"632","ww","Base",2052,619337.234836,690783.8,622083.8,71446.565164,2746.565164
"633","ww","Base",2053,619504.114193,690783.8,622083.8,71279.685807,2579.685807
"634","ww","Base",2054,618656.42613,690783.8,622083.8,72127.37387,3427.37387
"635","ww","Base",2055,612263.564265,690783.8,622083.8,78520.235735,9820.23573499999
"636","ww","Base",2056,606418.9509436,690783.8,622083.8,84364.8490564,15664.8490564
"637","ww","Base",2057,605977.971736,690783.8,622083.8,84805.828264,16105.828264
"638","ww","Base",2058,613641.052915,690783.8,622083.8,77142.747085,8442.747085
"639","ww","Base",2059,611568.87339,690783.8,622083.8,79214.92661,10514.92661
"640","ww","Base",2060,619294.28075,690783.8,622083.8,71489.51925,2789.51925
"641","ww","Base",2061,618958.930325,690783.8,622083.8,71824.869675,3124.86967500001
"642","ww","Base",2062,609112.68583,690783.8,622083.8,81671.11417,12971.11417
"643","ww","Base",2063,619196.92779,690783.8,622083.8,71586.87221,2886.87221
"644","ww","Base",2064,618850.715575,690783.8,622083.8,71933.084425,3233.08442499999
"645","ww","Base",2065,573103.117692,637794.2,576651.2,64691.082308,3548.082308
"646","hw","Base",2035,44257.4149814,52989.6,45432.6,8732.1850186,1175.1850186
"647","hw","Base",2036,608236.443123,690783.8,622083.8,82547.356877,13847.356877
"648","hw","Base",2037,620694.359928,690783.8,622083.8,70089.440072,1389.440072
"649","hw","Base",2038,620123.007744,690783.8,622083.8,70660.792256,1960.79225599999
"650","hw","Base",2039,620216.619008,690783.8,622083.8,70567.180992,1867.18099200001
"651","hw","Base",2040,612302.379694,690783.8,622083.8,78481.420306,9781.420306
"652","hw","Base",2041,618629.705051,690783.8,622083.8,72154.094949,3454.09494900001
"653","hw","Base",2042,602314.7363081,690783.8,622083.8,88469.0636919,19769.0636919
"654","hw","Base",2043,603748.8277077,690783.8,622083.8,87034.9722923,18334.9722923
"655","hw","Base",2044,612331.094262,690783.8,622083.8,78452.705738,9752.705738
"656","hw","Base",2045,614207.768879,690783.8,622083.8,76576.031121,7876.03112099999
"657","hw","Base",2046,619079.050289,690783.8,622083.8,71704.749711,3004.749711
"658","hw","Base",2047,599257.4704028,690783.8,622083.8,91526.3295972,22826.3295972
"659","hw","Base",2048,619211.840991,690783.8,622083.8,71571.959009,2871.95900900001
"660","hw","Base",2049,603152.9071099,690783.8,622083.8,87630.8928901,18930.8928901
"661","hw","Base",2050,619646.027313,690783.8,622083.8,71137.772687,2437.772687
"662","hw","Base",2051,616248.827798,690783.8,622083.8,74534.972202,5834.972202
"663","hw","Base",2052,617228.968958,690783.8,622083.8,73554.831042,4854.83104199999
"664","hw","Base",2053,618353.907036,690783.8,622083.8,72429.892964,3729.892964
"665","hw","Base",2054,617683.930693,690783.8,622083.8,73099.869307,4399.869307
"666","hw","Base",2055,604276.597335,690783.8,622083.8,86507.202665,17807.202665
"667","hw","Base",2056,601636.505428,690783.8,622083.8,89147.294572,20447.294572
"668","hw","Base",2057,604749.4909595,690783.8,622083.8,86034.3090405,17334.3090405
"669","hw","Base",2058,605621.2829265,690783.8,622083.8,85162.5170735,16462.5170735
"670","hw","Base",2059,601015.5487651,690783.8,622083.8,89768.2512349,21068.2512349
"671","hw","Base",2060,618139.695549,690783.8,622083.8,72644.104451,3944.10445099999
"672","hw","Base",2061,615428.876626,690783.8,622083.8,75354.923374,6654.92337400001
"673","hw","Base",2062,601878.7782339,690783.8,622083.8,88905.0217661,20205.0217661
"674","hw","Base",2063,619149.226133,690783.8,622083.8,71634.573867,2934.573867
"675","hw","Base",2064,617497.697443,690783.8,622083.8,73286.102557,4586.10255700001
"676","hw","Base",2065,573315.143823,637794.2,576651.2,64479.056177,3336.05617700001
"677","ct","Base",2035,44246.6943959,52989.6,45432.6,8742.9056041,1185.9056041
"678","ct","Base",2036,610904.984782,690783.8,622083.8,79878.815218,11178.815218
"679","ct","Base",2037,618593.630205,690783.8,622083.8,72190.169795,3490.16979500001
"680","ct","Base",2038,618564.728356,690783.8,622083.8,72219.071644,3519.07164400001
"681","ct","Base",2039,618424.666192,690783.8,622083.8,72359.133808,3659.133808
"682","ct","Base",2040,611159.878534,690783.8,622083.8,79623.921466,10923.921466
"683","ct","Base",2041,617124.446365,690783.8,622083.8,73659.353635,4959.35363499999
"684","ct","Base",2042,600538.3141913,690783.8,622083.8,90245.4858087,21545.4858087
"685","ct","Base",2043,595682.83632,690783.8,622083.8,95100.96368,26400.96368
"686","ct","Base",2044,605466.6138741,690783.8,622083.8,85317.1861259,16617.1861259
"687","ct","Base",2045,604496.1463036,690783.8,622083.8,86287.6536964,17587.6536964
"688","ct","Base",2046,610097.104716,690783.8,622083.8,80686.695284,11986.695284
"689","ct","Base",2047,589295.5913791,690783.8,622083.8,101488.2086209,32788.2086209
"690","ct","Base",2048,617709.014141,690783.8,622083.8,73074.785859,4374.785859
"691","ct","Base",2049,601977.5811451,690783.8,622083.8,88806.2188549,20106.2188549
"692","ct","Base",2050,618397.32606,690783.8,622083.8,72386.47394,3686.47394
"693","ct","Base",2051,614905.532712,690783.8,622083.8,75878.267288,7178.267288
"694","ct","Base",2052,614988.847056,690783.8,622083.8,75794.952944,7094.952944
"695","ct","Base",2053,617448.495104,690783.8,622083.8,73335.304896,4635.304896
"696","ct","Base",2054,616060.095865,690783.8,622083.8,74723.704135,6023.70413500001
"697","ct","Base",2055,603845.3499042,690783.8,622083.8,86938.4500958,18238.4500958
"698","ct","Base",2056,591515.9968294,690783.8,622083.8,99267.8031706,30567.8031706
"699","ct","Base",2057,593968.33669334,690783.8,622083.8,96815.46330666,28115.46330666
"700","ct","Base",2058,597039.1623203,690783.8,622083.8,93744.6376797,25044.6376797
"701","ct","Base",2059,592876.5083579,690783.8,622083.8,97907.2916421,29207.2916421
"702","ct","Base",2060,617144.481194,690783.8,622083.8,73639.318806,4939.318806
"703","ct","Base",2061,613432.577223,690783.8,622083.8,77351.222777,8651.222777
"704","ct","Base",2062,599973.5092367,690783.8,622083.8,90810.2907633,22110.2907633
"705","ct","Base",2063,611263.025262,690783.8,622083.8,79520.774738,10820.774738
"706","ct","Base",2064,615452.096367,690783.8,622083.8,75331.703633,6631.703633
"707","ct","Base",2065,567536.0015997,637794.2,576651.2,70258.1984003,9115.1984003
"708","wd","Base",2035,44240.5579245,52989.6,45432.6,8749.0420755,1192.0420755
"709","wd","Base",2036,612055.796696,690783.8,622083.8,78728.003304,10028.003304
"710","wd","Base",2037,618913.705116,690783.8,622083.8,71870.094884,3170.09488400001
"711","wd","Base",2038,618873.500232,690783.8,622083.8,71910.299768,3210.29976800001
"712","wd","Base",2039,618537.989224,690783.8,622083.8,72245.810776,3545.81077600001
"713","wd","Base",2040,611758.688366,690783.8,622083.8,79025.111634,10325.111634
"714","wd","Base",2041,617729.463542,690783.8,622083.8,73054.336458,4354.33645800001
"715","wd","Base",2042,600474.9084594,690783.8,622083.8,90308.8915406,21608.8915406
"716","wd","Base",2043,586999.276985,690783.8,622083.8,103784.523015,35084.523015
"717","wd","Base",2044,603192.6748878,690783.8,622083.8,87591.1251122,18891.1251122
"718","wd","Base",2045,604304.2924041,690783.8,622083.8,86479.5075959,17779.5075959
"719","wd","Base",2046,596958.2242057,690783.8,622083.8,93825.5757943,25125.5757943
"720","wd","Base",2047,578299.3458768,690783.8,622083.8,112484.4541232,43784.4541232
"721","wd","Base",2048,618105.83414,690783.8,622083.8,72677.96586,3977.96586
"722","wd","Base",2049,602984.85617464,690783.8,622083.8,87798.94382536,19098.94382536
"723","wd","Base",2050,618727.8605482,690783.8,622083.8,72055.9394518,3355.93945179999
"724","wd","Base",2051,615759.889397,690783.8,622083.8,75023.910603,6323.91060300001
"725","wd","Base",2052,614944.719066,690783.8,622083.8,75839.080934,7139.080934
"726","wd","Base",2053,617500.477047,690783.8,622083.8,73283.322953,4583.32295300001
"727","wd","Base",2054,617051.426746,690783.8,622083.8,73732.373254,5032.37325400001
"728","wd","Base",2055,596059.2600967,690783.8,622083.8,94724.5399033,26024.5399033
"729","wd","Base",2056,589652.1562025,690783.8,622083.8,101131.6437975,32431.6437975
"730","wd","Base",2057,526144.50907278,690783.8,622083.8,164639.29092722,95939.29092722
"731","wd","Base",2058,530773.5202828,690783.8,622083.8,160010.2797172,91310.2797172
"732","wd","Base",2059,495479.3412981,690783.8,622083.8,195304.4587019,126604.4587019
"733","wd","Base",2060,616281.8209191,690783.8,622083.8,74501.9790809,5801.97908089999
"734","wd","Base",2061,612706.242369,690783.8,622083.8,78077.557631,9377.55763099999
"735","wd","Base",2062,598339.5040474,690783.8,622083.8,92444.2959526,23744.2959526
"736","wd","Base",2063,610348.4766832,690783.8,622083.8,80435.3233168,11735.3233168
"737","wd","Base",2064,616018.50001518,690783.8,622083.8,74765.29998482,6065.29998482001
"738","wd","Base",2065,560806.178858,637794.2,576651.2,76988.021142,15845.021142
"739","hd","Base",2035,44252.321665,52989.6,45432.6,8737.278335,1180.278335
"740","hd","Base",2036,599506.3964548,690783.8,622083.8,91277.4035452,22577.4035452
"741","hd","Base",2037,612503.835572,690783.8,622083.8,78279.964428,9579.96442799999
"742","hd","Base",2038,614939.494469,690783.8,622083.8,75844.305531,7144.30553100001
"743","hd","Base",2039,612489.726221,690783.8,622083.8,78294.073779,9594.073779
"744","hd","Base",2040,602720.948851,690783.8,622083.8,88062.851149,19362.851149
"745","hd","Base",2041,611580.932555,690783.8,622083.8,79202.867445,10502.867445
"746","hd","Base",2042,580822.2731285,690783.8,622083.8,109961.5268715,41261.5268715
"747","hd","Base",2043,532253.442333,690783.8,622083.8,158530.357667,89830.357667
"748","hd","Base",2044,591015.2912401,690783.8,622083.8,99768.5087599,31068.5087599
"749","hd","Base",2045,589618.1365553,690783.8,622083.8,101165.6634447,32465.6634447
"750","hd","Base",2046,537028.4006591,690783.8,622083.8,153755.3993409,85055.3993409
"751","hd","Base",2047,492466.1401156,690783.8,622083.8,198317.6598844,129617.6598844
"752","hd","Base",2048,609366.2353761,690783.8,622083.8,81417.5646239,12717.5646239
"753","hd","Base",2049,591728.44986634,690783.8,622083.8,99055.35013366,30355.35013366
"754","hd","Base",2050,614044.979815,690783.8,622083.8,76738.820185,8038.820185
"755","hd","Base",2051,607787.4963113,690783.8,622083.8,82996.3036887,14296.3036887
"756","hd","Base",2052,607152.4405858,690783.8,622083.8,83631.3594142,14931.3594142
"757","hd","Base",2053,610136.0617488,690783.8,622083.8,80647.7382512,11947.7382512
"758","hd","Base",2054,609675.3986726,690783.8,622083.8,81108.4013274,12408.4013274
"759","hd","Base",2055,587203.9319403,690783.8,622083.8,103579.8680597,34879.8680597
"760","hd","Base",2056,557491.97008057,690783.8,622083.8,133291.82991943,64591.82991943
"761","hd","Base",2057,427237.922741002,690783.8,622083.8,263545.877258998,194845.877258998
"762","hd","Base",2058,502379.9508,690783.8,622083.8,188403.8492,119703.8492
"763","hd","Base",2059,460014.608502422,690783.8,622083.8,230769.191497578,162069.191497578
"764","hd","Base",2060,602318.3548588,690783.8,622083.8,88465.4451412,19765.4451412
"765","hd","Base",2061,604833.094713,690783.8,622083.8,85950.705287,17250.705287
"766","hd","Base",2062,593722.03968686,690783.8,622083.8,97061.76031314,28361.76031314
"767","hd","Base",2063,602406.9030615,690783.8,622083.8,88376.8969385,19676.8969385
"768","hd","Base",2064,605727.648918,690783.8,622083.8,85056.151082,16356.151082
"769","hd","Base",2065,547953.7508169,637794.2,576651.2,89840.4491831,28697.4491831
