"res_1_min","res_2_min","res_3_min","res_4_min","res_5_min","res_6_min","res_7_min","res_8_min","res_9_min","res_10_min","upper_weber_stor_min","upper_ogden_stor_min","lower_stor_min","total_res_min","current_res_min","moderate_max","severe_max","extreme_max","SA1_max","SA2_max","SA3_max","SA4_max","SA5_max","SA6_max","SA7_max","SA8_max","SA9_max","SA10_max","SA11_max","SA12_max","SA13_max","SA14_max","SA15_max","SA16_max","SA17_max","SA18_max","SA19_max","SA20_max","upper_weber_short_max","upper_ogden_short_max","lower_short_max","system_max","k_2","k_3","k_4","k_5","k_6","k_7","k_8","k_9","k_10","k_11","k_12","k_13","k_14","k_15","k_16","k_17","k_18"
1554.069544,44152.99708,25308.9125,13235.21938,34932.83957,3766.813992,54477.80434,132580.5016,Inf,Inf,119184.038074,58244.618332,132580.5016,310009.158006,310009.158006,0,0,0,-Inf,-Inf,-Inf,-Inf,-Inf,-Inf,-Inf,-Inf,-Inf,0,-Inf,-Inf,-Inf,-Inf,-Inf,-Inf,0,0,0,-Inf,0,-Inf,0,0,1,1,1,1,1,1,1,1,10,10,12,12,12,15,15,15,15
8341.881804,60849.60258,73940,20955.38771,47753.75234,3264.785626,16527.43163,204088.9783,Inf,Inf,211840.624434,19792.217256,204088.9783,435721.81999,435721.81999,0,0,0,-Inf,-Inf,-Inf,-Inf,-Inf,-Inf,-Inf,-Inf,-Inf,0,-Inf,-Inf,-Inf,-Inf,-Inf,-Inf,0,0,0,-Inf,0,-Inf,0,0,1,1,4,4,4,4,4,4,4,4,4,4,4,4,4,4,4
4706.500573,48617.16215,20790.28029,18748.36645,26466.87435,1000,9.999998897,183453.9724,Inf,Inf,119572.190854,1009.999998897,183453.9724,312951.01512905,312951.01512905,0,0,0,-Inf,0,0,0,0,0,0,0,0,0,0,2639.531539,222.8735733,1870.820871,0,0,0,0,0,-Inf,0,4510.35241,0,4510.35241000001,1,1,1,1,1,1,1,1,1,1,1,1,1,1,1,1,1
8350,56513.45126,54035.237,20534.39667,35258.92792,3426.853527,2003.619795,188119.5953,Inf,Inf,174692.01285,5430.473322,188119.5953,368242.081472,368242.081472,0,0,0,-Inf,-Inf,-Inf,-Inf,-Inf,-Inf,-Inf,-Inf,-Inf,0,-Inf,-Inf,-Inf,-Inf,-Inf,-Inf,0,0,0,-Inf,0,-Inf,0,0,1,1,4,4,4,4,4,4,4,4,4,4,4,4,4,4,4
7939.037249,53105.92921,37452.89348,19457.77181,32416.74132,1000,9.999998897,178834.8268,Inf,Inf,150627.27751,1009.999998897,178834.8268,337537.99741605,337537.99741605,0,0,0,-Inf,0,0,0,0,0,0,0,0,0,0,2555.06647,109.9502133,4806,0,0,0,0,0,-Inf,0,7371.662678,0,7371.66267799999,1,1,1,1,1,1,1,1,10,10,10,10,10,10,10,10,10
2683.085999,45795.34993,7467.036799,18166.01917,11527.12254,1000,9.999998897,134267.7361,Inf,Inf,89259.342331,1009.999998897,134267.7361,233459.20307805,233459.20307805,0,0,0,-Inf,0,0,0,0,0,0,1425.8486082,0,0,0,4411.794527,2753.177491,4806,0,0,0,0,0,-Inf,1425.8486082,10525.612564,0,11165.8603772,2,2,2,2,2,2,2,2,2,2,2,2,2,2,2,2,2
6652.949638,50445.80282,33593.16999,19141.74079,26220.17703,1000,9.999998897,174279.2199,Inf,Inf,140189.393599,1009.999998897,174279.2199,324238.426597897,324238.426597897,0,0,0,-Inf,0,0,0,0,0,0,0,0,0,0,2509.126111,1503.534361,4806,0,0,0,0,0,-Inf,0,8818.660472,0,8818.660472,1,1,1,1,1,1,1,1,1,1,1,1,1,1,1,1,1
3462.604986,47883.45261,19356.99178,18083.305,24568.99606,1000,9.999998897,181004.8119,Inf,Inf,113617.633383,1009.999998897,181004.8119,295632.445281897,295632.445281897,0,0,0,-Inf,0,0,0,0,0,0,0,0,0,0,4357.820124,0,0,0,0,0,0,0,-Inf,0,4357.820124,0,4357.82012400001,1,1,1,1,1,1,1,1,1,1,1,1,1,1,1,1,1
8350,56942.7822,54833.16224,20466.15222,35815.85707,3281.02666,4530.286964,200470.5953,Inf,Inf,176407.95373,7811.313624,200470.5953,384689.862654,384689.862654,0,0,0,-Inf,0,0,0,0,0,0,0,0,0,0,0,0,0,0,0,0,0,0,-Inf,0,0,0,0,1,1,4,4,4,4,4,4,4,4,4,4,4,4,4,4,4
751,45314.13548,9.999999926,15836.73764,22656.4082,1000,9.999998897,121649.4152,Inf,Inf,84568.281319926,1009.999998897,121649.4152,215413.93438105,215413.93438105,0,0,0,-Inf,1373.788869,0,0,0,0,0,0,0,0,0,4710.167804,3462.673942,4806,0,0,0,0,0,-Inf,1373.788869,11274.593654,0,11287.403713,2,2,2,2,2,2,2,2,2,2,2,2,2,2,2,2,2
1035.149585,45356.91576,5347.318527,17311.27755,15522.21869,1000,9.999998897,99494.61579,Inf,Inf,87114.691619,1009.999998897,99494.61579,192769.99822905,192769.99822905,0,0,0,-Inf,0,0,0,0,0,0,0,0,0,0,4610.268345,3522.542904,4806,0,0,0,0,0,-Inf,0,11329.272015,0,11329.272015,2,2,2,2,2,2,2,2,2,2,2,2,2,2,2,2,2
6109.548592,49360.91782,22541.04754,17523.71219,26983.74137,1000,9.999998897,164595.9507,Inf,Inf,122735.039146,1009.999998897,164595.9507,295014.630444897,295014.630444897,0,0,0,-Inf,0,0,0,0,0,0,0,0,0,0,2843.208029,1759.669305,4806,0,0,0,0,0,-Inf,0,9314.830525,0,9314.830525,1,1,1,1,1,1,1,1,1,1,1,1,1,1,1,1,1
3828.541405,47512.6646,15441.61227,18625.86459,24876.29864,1000,9.999998897,182906.3994,Inf,Inf,110499.914047,1009.999998897,182906.3994,303607.82975205,303607.82975205,0,0,0,-Inf,0,0,0,0,0,0,0,0,0,0,3038.522927,1498.289732,4806,0,0,0,0,0,-Inf,0,9185.119671,0,9185.11967099999,1,1,1,1,1,1,1,1,1,1,1,1,1,1,1,1,1
751,44675.09618,424.0037317,17089.67854,14119.67455,1000,9.999998897,126163.5784,Inf,Inf,77591.5702317,1009.999998897,126163.5784,209368.39790705,209368.39790705,0,0,0,-Inf,1515.66922,0,0,0,0,19.9763399999999,0,0,0,0,4763.418722,3042.511949,4806,0,0,0,0,0,-Inf,1535.64556,10881.186905,0,10962.726252,2,2,2,2,2,2,2,2,2,2,2,2,2,2,2,2,2
8350,61260,73940,22510,34498.78792,5987.093082,6730.30437,236371.3375,Inf,Inf,200558.78792,12717.397452,236371.3375,449647.522872,449647.522872,0,0,0,-Inf,-Inf,-Inf,-Inf,-Inf,0,0,0,-Inf,0,0,-Inf,0,0,0,-Inf,0,0,-Inf,-Inf,0,0,0,0,1,1,4,4,4,4,4,4,4,4,4,4,4,4,4,4,4
4530.198928,48236.83578,19242.04103,18765.21222,24847.31554,1000,9.999998897,183544.1477,Inf,Inf,116968.414479,1009.999998897,183544.1477,305684.03087505,305684.03087505,0,0,0,-Inf,0,0,0,0,0,0,0,0,0,0,2714.677458,0,3191.367207,0,0,0,0,0,-Inf,0,5906.044665,0,5906.04466499999,1,1,1,1,1,1,1,1,1,1,1,1,1,1,1,1,1
8343.642223,61129.65524,73940,22236.85529,37730.04167,5916.396645,7420.0433,213052.568,Inf,Inf,203380.194423,13336.439945,213052.568,429769.202368,429769.202368,0,0,0,-Inf,-Inf,-Inf,-Inf,-Inf,0,0,0,-Inf,0,0,-Inf,0,0,0,-Inf,0,0,-Inf,-Inf,0,0,0,0,1,1,4,4,4,4,4,4,4,4,4,4,4,4,4,4,4
8350,56820.27003,55565.27549,20475.65063,36216.54348,3352.052995,5695.38581,200193.4228,Inf,Inf,177427.73963,9047.438805,200193.4228,386668.601235,386668.601235,0,0,0,-Inf,-Inf,-Inf,-Inf,-Inf,-Inf,-Inf,-Inf,-Inf,0,-Inf,-Inf,-Inf,-Inf,-Inf,-Inf,0,0,0,-Inf,0,-Inf,0,0,1,1,4,4,4,4,4,4,4,4,4,4,4,4,4,4,4
7917.544708,51326.9504,34970.33024,19409.59192,30484.08271,1000,9.999998897,198616.7531,Inf,Inf,144363.95086,1009.999998897,198616.7531,343990.703958897,343990.703958897,0,0,0,-Inf,0,0,0,0,0,0,0,0,0,0,2552.800527,0,0,0,0,0,0,0,-Inf,0,2552.800527,0,2552.800527,1,1,1,1,1,1,1,1,10,10,10,10,10,10,10,10,10
2297.267037,44817.03072,6912.37954,16599.34599,11696.87072,1000,9.999998897,115883.9758,Inf,Inf,93246.879433,1009.999998897,115883.9758,222548.35605805,222548.35605805,0,0,0,-Inf,0,0,0,0,0,0,0,0,0,0,4485.591244,5396.5144837,4806,0,0,0,0,0,-Inf,0,13005.2381017,0,13005.2381017,2,2,2,2,2,2,2,2,2,2,2,2,2,2,2,2,2
747.3613109,12075.29941,9.999999926,5104.706598,4770.506868,1000,9.999998897,25029,Inf,Inf,23598.2733856,1009.999998897,25029,52014.19072263,52014.19072263,56081.578,61907.805,5693.054349006,-Inf,2198.63275,0,0,0,0,685.0894885,1806.2257873,0,0,0,5221.609186,5848,4806,0,0,0,1197,0,-Inf,2917.7627201,13776.692606,1197,15068.169346,2,2,2,5,5,5,5,5,5,5,5,5,5,5,5,5,5
4946.528163,57962.59251,46466.25312,14344.25139,13807.7945,2634.492063,7185.687542,133997.5038,Inf,Inf,140733.875973,13117.250272,133997.5038,287848.630045,287848.630045,0,0,0,-Inf,0,0,0,0,0,0,0,0,0,0,0,0,0,0,0,0,0,0,-Inf,0,0,0,0,1,1,1,1,1,1,1,1,10,10,10,10,10,10,16,16,16
5026.705544,49081.00532,26292.94785,18555.60274,23770.1136,1000,11801.6871,191814.8007,Inf,Inf,122987.116511,12801.6871,191814.8007,327603.604311,327603.604311,0,0,0,-Inf,0,0,0,0,0,0,0,0,0,0,4076.618563,0,0,0,0,0,0,0,-Inf,0,4076.618563,0,4076.618563,1,1,1,1,1,1,1,1,1,1,1,1,1,1,1,1,1
747.3613109,22524.73922,9.999999926,5649.819269,3090,1000,7.621144618,25029,Inf,Inf,32762.9264759,1007.621144618,25029,61238.77214488,61238.77214488,56081.578,57051.085164494,0,-Inf,5296.420433,0,0,0,0,1320,1899.9947075,0,0,0,5251.43879,5848,4806,0,0,0,1197,0,-Inf,6616.420433,13939.655704,1197,15431.823582,2,2,2,5,5,5,5,5,5,5,5,5,5,5,5,5,5
750.9999998,46733.59507,4079.886394,17628.95253,22207.64696,1000,9.999998897,157752.4364,Inf,Inf,92184.19684,1009.999998897,157752.4364,259146.17323865,259146.17323865,0,0,0,-Inf,1273.591556,0,0,0,0,256.76984,0,0,0,0,4399.343401,2488.790023,4806,0,0,0,0,0,-Inf,1273.591556,9982.856001,0,9982.85600100001,2,2,2,2,2,2,2,2,2,2,2,2,2,2,2,2,2
6335.504858,50106.03144,28964.51715,18770.30583,28528.415,1000,9994.211378,195692.3606,Inf,Inf,132962.484501,10994.211378,195692.3606,339649.056479,339649.056479,0,0,0,-Inf,0,0,0,0,0,0,0,0,0,0,2990.108306,0,0,0,0,0,0,0,-Inf,0,2990.108306,0,2990.10830599999,1,1,1,1,1,1,1,1,10,10,10,10,10,10,10,10,10
7155.296972,52893.07287,42344.66413,19848.7049,34622.66487,1000.000001,41931.7923,216646.4988,Inf,Inf,156864.403742,42931.792301,216646.4988,416442.694843,416442.694843,0,0,0,-Inf,0,0,0,0,0,0,0,0,0,0,1632.114466,0,0,0,0,0,0,0,-Inf,0,1632.114466,0,1632.114466,1,1,1,1,1,1,1,1,10,10,12,12,12,12,12,12,12
3888.295381,48266.69883,21641.33381,18339.44028,24432.55532,1000,9.999998897,170750.6427,Inf,Inf,118142.48925,1009.999998897,170750.6427,293707.14414705,293707.14414705,0,0,0,-Inf,0,0,0,0,0,0,0,0,0,0,4314.459217,0,1951.409071,0,0,0,0,0,-Inf,0,4488.418957,0,4488.418957,1,1,1,1,1,1,1,1,1,1,1,1,1,1,1,1,1
751.0000044,44907.39421,692.4603601,17487.07714,18675.9069,1000,9.999998897,131790.9587,Inf,Inf,83007.581773,1009.999998897,131790.9587,221043.28381705,221043.28381705,0,0,0,-Inf,1423.079713,0,0,0,0,9.59893800000009,0,0,0,0,4758.250392,3371.209029,4806,0,0,0,0,0,-Inf,1432.678651,11127.116428,0,11127.116428,2,2,2,2,2,2,2,2,2,2,2,2,2,2,2,2,2
975.831582,45802.37761,1060.195801,17566.12773,19893.4205,1000,9.999998897,181898.8757,Inf,Inf,85506.203175,1009.999998897,181898.8757,268415.078873897,268415.078873897,0,0,0,-Inf,0,0,0,0,0,0,0,0,0,0,4642.26227,0,3681.170707,0,0,0,0,0,-Inf,0,6534.792257,0,6534.79225699999,1,1,1,1,1,1,1,1,1,1,1,1,1,1,1,1,1
2693.027267,47205.01369,15411.65634,18155.53659,23940.95489,1000,9.999998897,179347.6661,Inf,Inf,107663.454722,1009.999998897,179347.6661,297142.71511305,297142.71511305,0,0,0,-Inf,0,0,0,0,0,0,0,0,0,0,4447.838807,263.7788733,267,0,0,0,0,0,-Inf,0,4447.838807,0,4447.83880699999,1,1,1,1,1,1,1,1,1,1,1,1,1,1,1,1,1
6928.672968,50700.20863,34470.76523,19410.34523,30144.94426,1000,14268.60485,197946.3491,Inf,Inf,141923.85765,16533.153208,197946.3491,363778.177689,363778.177689,0,0,0,-Inf,0,0,0,0,0,0,0,0,0,0,2501.535923,0,0,0,0,0,0,0,-Inf,0,2501.535923,0,2501.535923,1,1,1,1,1,1,1,1,10,10,10,10,10,10,10,10,10
2253.419183,45571.05829,5156.697408,17304.49763,14630.2457,1000,9.999998897,138180.8713,Inf,Inf,90102.803276,1009.999998897,138180.8713,234712.962370897,234712.962370897,0,0,0,-Inf,0,0,0,0,0,0,0,0,0,0,4574.036267,3143.426849,4806,0,0,0,0,0,-Inf,0,10985.692979,0,10985.692979,2,2,2,2,2,2,2,2,2,2,2,2,2,2,2,2,2
751,35407.95396,9.999999988,15319.1292,11812.01424,1000,7.621144618,60313.10505,Inf,Inf,63300.097399988,1007.621144618,60313.10505,131367.58455698,131367.58455698,37272.944695394,0,0,-Inf,5945.043304,0,0,0,0,1320,2040,0,0,0,4923.462719,5848,4806,0,0,0,0,0,-Inf,7265.043304,13920.161006,0,15795.674661,2,2,2,2,2,7,7,7,7,7,7,7,7,7,7,7,7
8350,57578.77578,58321.68623,20620.57316,37130.18956,3352.597239,1670.830726,182472.9996,Inf,Inf,182001.22473,5023.427965,182472.9996,369497.652295,369497.652295,0,0,0,-Inf,0,0,0,0,0,0,0,0,0,0,0,0,0,0,0,0,0,0,-Inf,0,0,0,0,1,1,4,4,4,4,4,4,4,4,4,4,4,4,4,4,4
1716.483359,45344.43725,4812.554733,16411.43202,9373.427417,1000,9.999998897,96295.91455,Inf,Inf,77739.545948,1009.999998897,96295.91455,181400.04818305,181400.04818305,0,0,0,-Inf,0,0,0,0,0,0,1540.8667326,0,0,0,4676.09176,3604.159357,4806,0,0,0,0,0,-Inf,1540.8667326,11411.415914,0,12952.2826466,2,2,2,2,2,2,2,2,2,2,2,2,2,2,2,2,2
3976.520856,47948.03561,16152.65527,18285.37485,19934.47819,1000,9.999998897,177312.5566,Inf,Inf,106532.36232,1009.999998897,177312.5566,284854.918918897,284854.918918897,0,0,0,-Inf,0,0,0,0,0,0,0,0,0,0,4265.116327,503.633338,4806,0,0,0,0,0,-Inf,0,7990.814148,0,7990.814148,1,1,1,1,1,1,1,1,1,1,1,1,1,1,1,1,1
6738.022124,50341.73918,29921.00096,19274.21386,29046.78622,1000,12644.14853,198189.8415,Inf,Inf,135573.618408,14367.64656,198189.8415,355849.469068,355849.469068,0,0,0,-Inf,0,0,0,0,0,0,0,0,0,0,2580.891781,0,0,0,0,0,0,0,-Inf,0,2580.891781,0,2580.891781,1,1,1,1,1,1,1,1,10,10,10,10,10,10,10,10,10
8031.85048,51817.2237,39464.57568,19491.78109,31646.92774,1000,12475.56131,197846.0612,Inf,Inf,150737.307187,14763.891036,197846.0612,369558.80998,369558.80998,0,0,0,-Inf,0,0,0,0,0,0,0,0,0,0,2417.62824,0,0,0,0,0,0,0,-Inf,0,2417.62824,0,2417.62824000001,1,1,1,1,1,1,1,1,10,10,10,10,10,10,10,10,10
8341.881804,61193.2456,73940,21114.13295,51200,3305.538049,12506.03865,212393.6933,Inf,Inf,215849.552974,15811.576699,212393.6933,444054.822973,444054.822973,0,0,0,-Inf,-Inf,-Inf,-Inf,-Inf,-Inf,-Inf,-Inf,-Inf,0,-Inf,-Inf,-Inf,-Inf,-Inf,-Inf,0,0,0,-Inf,0,-Inf,0,0,1,1,4,4,4,4,4,4,4,4,4,4,4,4,4,4,4
7674.59609,51461.68101,37046.94022,19325.96523,31001.1916,1000,9.999998897,178235.7582,Inf,Inf,146789.712187,1009.999998897,178235.7582,332876.025685897,332876.025685897,0,0,0,-Inf,0,0,0,0,0,0,0,0,0,0,2446.721802,1402.968899,4806,0,0,0,0,0,-Inf,0,8655.690701,0,8655.690701,1,1,1,1,1,1,1,1,10,10,10,10,10,10,10,10,10
4517.365771,48318.50778,20398.59747,18495.36263,25731.37924,1000,9.999998897,184486.6248,Inf,Inf,117695.091463,1009.999998897,184486.6248,303191.716261897,303191.716261897,0,0,0,-Inf,0,0,0,0,0,0,0,0,0,0,3916.804026,181.1898598,267,0,0,0,0,0,-Inf,0,3916.804026,0,3916.804026,1,1,1,1,1,1,1,1,1,1,1,1,1,1,1,1,1
4744.62517,49549.2335,27459.72971,18638.87343,27404.75239,1000,9.999998897,174497.3816,Inf,Inf,129105.685413,1009.999998897,174497.3816,312804.495611897,312804.495611897,0,0,0,-Inf,0,0,0,0,0,0,0,0,0,0,3717.797182,297.7681193,267,0,0,0,0,0,-Inf,0,3717.797182,0,3717.79718199999,1,1,1,1,1,1,1,1,1,1,1,1,1,1,1,1,1
2986.570157,46604.71282,10165.55597,18194.44455,19373.7204,1000,9.999998897,162873.8463,Inf,Inf,100820.734706,1009.999998897,162873.8463,273839.62245905,273839.62245905,0,0,0,-Inf,0,0,0,0,0,0,0,0,0,0,4455.821461,2052.205751,4806,0,0,0,0,0,-Inf,0,9720.300751,0,9720.300751,1,1,1,1,1,1,1,1,1,1,1,1,1,1,1,1,1
749.8500977,44440.43341,9.999999926,15952.29411,9272.234463,1000,7.621144618,90636.35173,Inf,Inf,71159.189292926,1007.621144618,90636.35173,166639.83263968,166639.83263968,0,0,0,-Inf,2239.075243,0,0,0,0,331.1412851,300.09183,0,0,0,4737.046347,5848,4806,0,0,0,0,0,-Inf,2239.075243,13773.315385,0,14377.509853,2,2,2,2,2,2,2,2,2,2,2,2,2,2,2,2,2
7810.670832,51286.00049,35363.54914,19422.50616,26554.22552,1000,6782.540888,205908.2041,Inf,Inf,142443.958093,12723.062026,205908.2041,361947.738153,361947.738153,0,0,0,-Inf,0,0,0,0,0,0,0,0,0,0,2537.455444,0,0,0,0,0,0,0,-Inf,0,2537.455444,0,2537.45544400001,1,1,1,1,1,1,1,1,10,10,10,10,10,10,10,10,10
747.3613109,24511.60654,9.999999988,10665.90908,6262.234542,1000,7.621144618,24776.25499,Inf,Inf,43981.3999494,1007.621144618,24776.25499,71163.58735138,71163.58735138,56081.578,49562.635170494,0,-Inf,1343.605544,0,0,0,0,158.127041,2024.5381827,0,0,0,4891.245236,5848,4806,0,0,0,1197,0,-Inf,2182.6652237,13846.382163,1197,15626.382163,2,2,2,5,5,5,5,5,5,5,5,5,5,5,5,5,5
750.9999998,44571.88438,9.999999926,15796.66493,8577.865512,1000,7.621144618,83353.23303,Inf,Inf,70231.960111926,1007.621144618,83353.23303,159240.44481098,159240.44481098,7311.579883456,0,0,-Inf,2462.538737,0,0,0,0,286.267342,1762.0556483,0,0,0,4815.208498,5848,4806,0,0,0,0,0,-Inf,2586.502842,13831.367489,0,16046.6509263,2,2,2,2,2,2,2,2,2,2,2,2,2,2,2,2,2
7471.834818,50605.53741,30172.34624,17571.7912,24247.66706,1000,9.999998897,163578.9252,Inf,Inf,130298.164989,1009.999998897,163578.9252,303890.245687897,303890.245687897,0,0,0,-Inf,0,0,0,0,0,0,0,0,0,0,2677.525912,1518.48127,4806,0,0,0,0,0,-Inf,0,9002.007182,0,9002.007182,1,1,1,1,1,1,1,1,1,1,1,1,1,1,1,1,1
751,45606.53756,2423.741995,16018.5109,23514.8824,1000,7.621144618,101713.5745,Inf,Inf,88314.672855,1007.621144618,101713.5745,198683.55651498,198683.55651498,0,0,0,-Inf,380.816197,0,0,0,0,0,0,0,0,0,4672.898216,5848,4806,0,0,0,0,0,-Inf,380.816197,13690.397128,0,13781.498045,2,2,2,2,2,2,2,2,2,2,2,2,2,2,2,2,2
5421.828218,51526.05736,38569.15185,19217.69372,32702.80563,1000,7061.217917,198992.6757,Inf,Inf,147437.536778,8061.217917,198992.6757,354491.430395,354491.430395,0,0,0,-Inf,0,0,0,0,0,0,0,0,0,0,3778.226959,0,0,0,0,0,0,0,-Inf,0,3778.226959,0,3778.22695900001,1,1,1,1,1,1,1,1,10,10,10,10,10,10,10,10,10
8341.881804,61161.10408,73940,22355.28877,51200,4719.930625,64258.10662,242435.807,Inf,Inf,217053.679324,68978.037245,242435.807,528467.523569,528467.523569,0,0,0,-Inf,-Inf,-Inf,-Inf,-Inf,-Inf,-Inf,-Inf,-Inf,0,-Inf,-Inf,-Inf,-Inf,-Inf,-Inf,0,0,0,-Inf,0,-Inf,0,0,1,1,4,4,6,6,6,6,6,6,6,6,6,6,6,6,6
8341.881804,61188.2199,73940,21147.69088,51200,3257.293774,9886.903415,213630.4934,Inf,Inf,215842.698834,13144.197189,213630.4934,442617.389423,442617.389423,0,0,0,-Inf,-Inf,-Inf,-Inf,-Inf,-Inf,-Inf,-Inf,-Inf,0,-Inf,-Inf,-Inf,-Inf,-Inf,-Inf,0,0,0,-Inf,0,-Inf,0,0,1,1,4,4,4,4,4,4,4,4,4,4,4,4,4,4,4
8341.881804,60356.26293,70504.31324,20626.55671,43868.19694,3292.101822,1399.416524,181790.6424,Inf,Inf,203697.211624,4691.518346,181790.6424,390179.37237,390179.37237,0,0,0,-Inf,-Inf,-Inf,-Inf,-Inf,-Inf,-Inf,-Inf,-Inf,0,-Inf,-Inf,-Inf,-Inf,-Inf,-Inf,0,0,0,-Inf,0,-Inf,0,0,1,1,4,4,4,4,4,4,4,4,4,4,4,4,4,4,4
8341.881804,61189.8238,73940,21467.1545,51200,3281.250637,30499.98658,216390.4734,Inf,Inf,216186.141054,33781.237217,216390.4734,466357.851671,466357.851671,0,0,0,-Inf,-Inf,-Inf,-Inf,-Inf,-Inf,-Inf,-Inf,-Inf,0,-Inf,-Inf,-Inf,-Inf,-Inf,-Inf,0,0,0,-Inf,0,-Inf,0,0,1,1,4,4,4,4,4,4,4,4,4,4,4,4,4,4,4
8350,61260,73940,22496.88801,51200,7870,101592.8972,247302,Inf,Inf,217246.88801,109462.8972,247302,574011.78521,574011.78521,0,0,0,-Inf,0,0,0,0,0,0,0,0,0,0,0,0,0,0,0,0,0,0,-Inf,0,0,0,0,1,1,4,4,6,6,6,6,6,6,6,13,13,13,13,13,13
8350,61073.18481,73940,21022.18987,51200,3368.542006,5865.816253,211437.1996,Inf,Inf,215772.18987,9234.358259,211437.1996,436443.747729,436443.747729,0,0,0,-Inf,-Inf,-Inf,-Inf,-Inf,-Inf,-Inf,-Inf,-Inf,0,-Inf,-Inf,-Inf,-Inf,-Inf,-Inf,0,0,0,-Inf,0,-Inf,0,0,1,1,4,4,4,4,4,4,4,4,4,4,4,4,4,4,4
7469.460573,51481.79339,37184.74298,18898.50829,30737.2562,1000,9.999998897,162406.3164,Inf,Inf,146063.625621,1009.999998897,162406.3164,317473.30919205,317473.30919205,0,0,0,-Inf,0,0,0,0,0,0,0,0,0,0,2830.933909,1711.584844,4806,0,0,0,0,0,-Inf,0,8909.464159,0,8909.464159,1,1,1,1,1,1,1,1,10,10,10,10,10,10,10,10,10
8350,57941.78605,62038.28443,20734.71751,39349.27067,3464.066472,1876.536198,179029.2265,Inf,Inf,188414.05866,5340.60267,179029.2265,372783.88783,372783.88783,0,0,0,-Inf,-Inf,-Inf,-Inf,-Inf,-Inf,-Inf,-Inf,-Inf,0,-Inf,-Inf,-Inf,-Inf,-Inf,-Inf,0,0,0,-Inf,0,-Inf,0,0,1,1,4,4,4,4,4,4,4,4,4,4,4,4,4,4,4
8350,61140.42546,73940,21353.97345,51200,3459.544358,1875.859386,185709.5898,Inf,Inf,216103.97345,5335.403744,185709.5898,407327.788994,407327.788994,0,0,0,-Inf,0,0,0,0,0,0,0,0,0,0,0,0,0,0,0,0,0,0,-Inf,0,0,0,0,1,1,4,4,4,4,4,4,4,4,4,4,4,4,4,4,4
6303.539584,49961.79572,29045.22241,19274.94418,28708.81834,1000,9.999998897,161271.5603,Inf,Inf,133544.684476,1009.999998897,161271.5603,328084.133174897,328084.133174897,0,0,0,-Inf,0,0,0,0,0,0,0,0,0,0,2591.612652,0,746.198901,0,0,0,0,0,-Inf,0,3337.811553,0,3337.81155300001,1,1,1,1,1,1,1,1,1,1,1,1,1,1,1,1,1
6555.626204,61195.72899,58986.43229,22250.98812,36583.60069,6016.454775,6872.392588,221302.1831,Inf,Inf,185572.376294,12888.847363,221302.1831,419763.406757,419763.406757,0,0,0,-Inf,-Inf,-Inf,-Inf,-Inf,0,0,0,-Inf,0,0,-Inf,0,0,0,-Inf,0,0,-Inf,-Inf,0,0,0,0,1,1,4,4,4,4,4,4,4,4,4,4,4,4,4,4,4
747.3613109,2120,9.999999926,2500,3089.999994,1000,7.621144618,20491.22861,Inf,Inf,8471.000011,1007.621144618,20491.22861,31305.654765618,31305.654765618,61898.338,70101.9725,30602.150234382,-Inf,7233.026981,9.4835497,0,0,0,1320,2300,0,0,6685.084173,5908.72823,5848,4806,16400,874.782033,5492,1881,0,-Inf,10853.026981,13974.195705,23935.282033,47014.7377193,2,3,3,3,3,3,8,8,8,8,8,8,8,8,8,8,8
747.3613109,2119.999997,9.999999988,2500,3090,1000,7.621144618,15738.61455,Inf,Inf,8467.3613115,1007.621144618,15738.61455,26390.560599385,26390.560599385,61898.338,70101.9725,35600.21928872,-Inf,124.831928,127,0,1382.0048106,0,0,1811.1081195,0,6064.458701,9122.812443,4728.08374,5848,4806,16400,856.748291,5492,2736,0,-Inf,17262.2028452,13724.002918,23913.004981,54408.3850332,2,3,3,3,3,3,3,3,3,3,3,3,3,3,3,3,3
8341.881804,61203.92626,73940,14824.68824,31944.03689,3286.937999,17075.28126,178169.3509,Inf,Inf,190298.572064,20362.219259,178169.3509,388830.142223,388830.142223,0,0,0,-Inf,-Inf,-Inf,-Inf,-Inf,-Inf,-Inf,-Inf,-Inf,0,-Inf,-Inf,-Inf,-Inf,-Inf,-Inf,0,0,0,-Inf,0,-Inf,0,0,1,1,1,1,1,1,1,1,10,10,10,10,10,10,16,16,16
8350,61045.51499,73940,21462.38541,51200,3553.606532,34223.38881,207682.3918,Inf,Inf,216212.38541,37776.995342,207682.3918,461671.772552,461671.772552,0,0,0,-Inf,0,0,0,0,0,0,0,0,0,0,0,0,0,0,0,0,0,0,-Inf,0,0,0,0,1,1,4,4,4,4,4,4,4,4,4,4,4,4,4,4,4
8350,61168.35915,73940,22172.25689,51200,4695.12567,52451.5505,226817.137,Inf,Inf,216922.25689,57146.67617,226817.137,500886.07006,500886.07006,0,0,0,-Inf,0,0,0,0,0,0,0,0,0,0,0,0,0,0,0,0,0,0,-Inf,0,0,0,0,1,1,4,4,6,6,6,6,6,6,6,6,6,6,6,6,6
747.3613109,44382.81083,9.999999926,13765.03927,4567.769539,1000,9.999998897,26219.54917,Inf,Inf,67977.535984926,1009.999998897,26219.54917,95475.324323823,95475.324323823,49526.244,28340.285676177,0,-Inf,2335.532368,0,0,0,0,966.6164402,1625.7178317,0,0,0,4808.05353,4045.734855,4806,0,0,0,1197,0,-Inf,2370.298776,11914.182325,1197,13213.8346367,2,2,2,5,5,5,5,5,5,5,5,5,5,5,5,5,5
3532.460635,47824.3798,19729.51108,18554.55341,21549.90186,1000,13709.83937,198076.3834,Inf,Inf,111444.806211,14709.83937,198076.3834,324231.028981,324231.028981,0,0,0,-Inf,0,0,0,0,0,0,0,0,0,0,3457.280645,0,0,0,0,0,0,0,-Inf,0,3457.280645,0,3457.28064500001,1,1,1,1,1,1,1,1,1,1,1,1,1,1,1,1,1
3800.352584,50719.4526,29231.11183,19268.90644,28050.65248,1000,16582.72292,205908.2041,Inf,Inf,135026.835324,17582.72292,205908.2041,358517.762344,358517.762344,0,0,0,-Inf,0,0,0,0,0,0,0,0,0,0,2673.284732,0,0,0,0,0,0,0,-Inf,0,2673.284732,0,2673.284732,1,1,1,1,1,1,1,1,1,1,1,1,1,1,1,1,1
750.9999999,25329.95848,9.999999926,10984.58019,3719.06572,1000,7.621144618,25029,Inf,Inf,41467.654241,1007.621144618,25029,69900.80617298,69900.80617298,56081.578,49281.696675394,0,-Inf,2593.367864,0,0,0,0,349.085884,2023.7541179,0,0,0,4927.327516,5848,4806,0,0,0,1197,0,-Inf,3565.4006469,13916.652106,1197,15779.28902,2,2,2,5,5,5,5,5,5,5,5,5,5,5,5,5,5
750.9999998,43483.55958,9.999999926,17136.43301,3090,1000,9.999998897,28378.45457,Inf,Inf,64915.380059926,1009.999998897,28378.45457,99262.86023705,99262.86023705,49526.244,18234.533971177,0,-Inf,2636.245541,0,0,0,0,1113.2619979,1734.0395985,0,0,0,4875.966956,3534.642287,4806,0,0,0,0,0,-Inf,2882.2054717,11502.273608,0,13649.1176795,2,2,2,2,2,7,7,7,7,7,7,7,14,14,14,14,14
8255.613839,53115.71377,41328.12228,20002.33774,8290.708981,2251.513408,10.00000005,81468.2696,Inf,Inf,130992.49661,2261.51340805,81468.2696,214722.27961805,214722.27961805,0,0,0,-Inf,0,0,0,0,0,0,0,0,0,0,0,239.0435752,267,0,0,0,0,0,-Inf,0,506.0435752,0,506.043575199998,1,1,1,1,1,1,1,1,10,10,10,10,10,10,16,16,16
7783.108722,51137.64851,34400.09691,19417.08566,13904.95413,1000,9.999998897,179443.6482,Inf,Inf,131477.440829,1009.999998897,179443.6482,319121.29385605,319121.29385605,0,0,0,-Inf,0,0,0,0,0,0,0,0,0,0,2578.184829,275.9998624,267,0,0,0,0,0,-Inf,0,2578.184829,0,2578.18482900001,1,1,1,1,1,1,1,1,10,10,10,10,10,10,10,10,10
7814.823583,57906.84734,59894.44008,20945.60267,29553.11606,3538.062098,22743.60406,231251.8397,Inf,Inf,183104.036473,30519.164971,231251.8397,463472.148231,463472.148231,0,0,0,-Inf,0,0,0,0,0,0,0,0,0,0,0,0,0,0,0,0,0,0,-Inf,0,0,0,0,1,1,4,4,4,4,4,4,4,4,4,4,4,4,4,4,4
751,45277.91087,281.3584817,17702.64273,18476.78678,1000,9.999998897,157666.9271,Inf,Inf,82489.6988617,1009.999998897,157666.9271,248021.06224905,248021.06224905,0,0,0,-Inf,1122.578801,0,0,0,0,0,0,0,0,0,4724.004773,2313.501251,4806,0,0,0,0,0,-Inf,1122.578801,10136.658513,0,10178.335764,2,2,2,2,2,2,2,2,2,2,2,2,2,2,2,2,2
751.0000062,45553.65381,2054.540451,17178.76208,19744.76913,1000,9.999998897,117064.0815,Inf,Inf,89338.011963,1009.999998897,117064.0815,224641.64252805,224641.64252805,0,0,0,-Inf,149.956447,0,0,0,0,0,0,0,0,0,4639.929527,3440.867371,4806,0,0,0,0,0,-Inf,149.956446999997,11122.446003,0,11122.446003,2,2,2,2,2,2,2,2,2,2,2,2,2,2,2,2,2
7159.422221,52898.94186,42191.29259,19695.1314,34594.15446,1000.000001,40869.3752,216646.4988,Inf,Inf,156538.942531,41869.375201,216646.4988,415054.816532,415054.816532,0,0,0,-Inf,0,0,0,0,0,0,0,0,0,0,1635.406798,0,0,0,0,0,0,0,-Inf,0,1635.406798,0,1635.406798,1,1,1,1,1,1,1,1,10,10,12,12,12,12,12,12,12
751.0000056,45727.27852,3557.345739,16476.37737,19269.14273,1000,9.999998897,122379.8259,Inf,Inf,87095.0995085,1009.999998897,122379.8259,230738.79453705,230738.79453705,0,0,0,-Inf,619.385532,0,0,0,0,0,0,0,0,0,4685.335767,3443.367661,4806,0,0,0,0,0,-Inf,619.385532,11098.824968,0,11098.824968,2,2,2,2,2,2,2,2,2,2,2,2,2,2,2,2,2
3930.242065,47984.35742,18461.97484,18324.88201,25001.2885,1000,7985.19942,191841.2212,Inf,Inf,113945.209594,8985.19942,191841.2212,314771.630214,314771.630214,0,0,0,-Inf,0,0,0,0,0,0,0,0,0,0,4371.126211,0,0,0,0,0,0,0,-Inf,0,4371.126211,0,4371.126211,1,1,1,1,1,1,1,1,1,1,1,1,1,1,1,1,1
7679.999131,53292.74402,44378.85103,19859.61602,35197.8344,1000.000001,5142.178192,200868.3337,Inf,Inf,160409.044601,8547.109001,200868.3337,388241.386352,388241.386352,0,0,0,-Inf,0,0,0,0,0,0,0,0,0,0,1498.093152,0,0,0,0,0,0,0,-Inf,0,1498.093152,0,1498.093152,1,1,1,1,1,1,1,1,10,10,10,10,10,10,10,10,10
3579.822373,47852.56254,20121.90017,18420.27758,25276.94322,1000,9.999998897,182021.0888,Inf,Inf,115626.382685,1009.999998897,182021.0888,315774.56472805,315774.56472805,0,0,0,-Inf,0,0,0,0,0,0,0,0,0,0,4273.661445,211.4133943,3957.7335597,0,0,0,0,0,-Inf,0,6687.4421227,0,6687.4421227,1,1,1,1,1,1,1,1,1,1,1,1,1,1,1,1,1
750.9999998,45143.1381,9.999999926,16262.19616,8569.662047,1000,9.999998897,49581.20337,Inf,Inf,71828.193116926,1009.999998897,49581.20337,131599.28048005,131599.28048005,41692.277004177,0,0,-Inf,2478.181726,0,0,0,0,134.950314,1689.7546769,0,0,0,4820.680038,5046.8644632,4806,0,0,0,0,0,-Inf,2613.13204,12972.1614622,0,13326.1840259,2,2,2,2,2,7,7,7,7,7,7,7,14,14,14,14,14
6852.116168,50552.35587,33559.07061,19162.68703,20219.31133,1000,9.999998897,190925.7846,Inf,Inf,130608.298339,1009.999998897,190925.7846,329523.042437897,329523.042437897,0,0,0,-Inf,0,0,0,0,0,0,0,0,0,0,2530.274936,161.2433891,267,0,0,0,0,0,-Inf,0,2530.274936,0,2530.274936,1,1,1,1,1,1,1,1,10,10,10,10,10,10,10,10,10
6596.970553,49737.09068,24401.60759,19173.66924,23102.47041,1000,9.999998897,182768.1154,Inf,Inf,123227.270972,1009.999998897,182768.1154,314935.553570897,314935.553570897,0,0,0,-Inf,0,0,0,0,0,0,0,0,0,0,2747.504267,233.6141259,4743.19099263,0,0,0,0,0,-Inf,0,7490.69525963,0,7490.69525963,1,1,1,1,1,1,1,1,1,1,1,1,1,1,1,1,1
5107.364725,48241.07363,15763.85811,18776.35175,18059.75339,1000,9.999998897,170245.1746,Inf,Inf,106140.618583,1009.999998897,170245.1746,286365.26670905,286365.26670905,0,0,0,-Inf,0,0,0,0,0,0,0,0,0,0,2866.627018,1646.743312,4806,0,0,0,0,0,-Inf,0,9319.37033,0,9319.37033000001,1,1,1,1,1,1,1,1,1,1,1,1,1,1,1,1,1
3248.508997,46802.11325,10242.03744,18114.75691,18821.00056,1000,9.999998897,169916.053,Inf,Inf,97424.289748,1009.999998897,169916.053,276161.75507805,276161.75507805,0,0,0,-Inf,0,0,0,0,0,0,0,0,0,0,4493.560552,286.4987493,3727.720583,0,0,0,0,0,-Inf,0,6274.198345,0,6274.198345,1,1,1,1,1,1,1,1,1,1,1,1,1,1,1,1,1
750.9999998,44965.04366,9.999999926,15761.44003,18674.17086,1000,9.999998897,103049.4712,Inf,Inf,82418.965199926,1009.999998897,103049.4712,197609.30024805,197609.30024805,0,0,0,-Inf,2128.006486,0,0,0,0,659.7903508,0,0,0,0,4698.197172,3859.429421,4806,0,0,0,0,0,-Inf,2128.006486,11714.210514,0,11837.123563,2,2,2,2,2,2,2,2,2,2,2,2,2,2,2,2,2
8341.881804,61189.12045,71369.72102,20855.87014,44131.68511,3250.5567,7956.184661,201098.2215,Inf,Inf,205895.207194,11206.741361,201098.2215,418200.170055,418200.170055,0,0,0,-Inf,-Inf,-Inf,-Inf,-Inf,0,0,0,-Inf,0,0,-Inf,0,0,0,-Inf,0,0,0,-Inf,0,0,0,0,1,1,4,4,4,4,4,4,4,4,4,4,4,4,4,4,4
880.0655419,45456.0754,9.999999926,15973.63328,17909.32388,1000,9.999998897,129916.8329,Inf,Inf,80232.949287626,1009.999998897,129916.8329,218558.55322695,218558.55322695,0,0,0,-Inf,0,0,0,0,0,0,0,0,0,0,4641.202236,3392.164925,4806,0,0,0,0,0,-Inf,0,11198.515028,0,11198.515028,2,2,2,2,2,2,2,2,2,2,2,2,2,2,2,2,2
750.9999999,36956.1919,9.999999926,14436.46228,15862.6239,1000,9.999998897,42668.28965,Inf,Inf,68904.248725126,1009.999998897,42668.28965,122255.95639965,122255.95639965,49526.244,185.947065977001,0,-Inf,4477.702237,0,0,0,0,1320,2040,0,0,0,4877.175082,5016.0711888,4806,0,0,0,0,0,-Inf,5797.702237,12987.4739058,0,14767.4739058,2,2,2,2,2,7,7,7,7,7,7,7,14,14,14,14,14
7718.481357,57831.37752,59646.84937,20940.66716,43512.12112,3516.677529,75466.57961,231251.8397,Inf,Inf,189649.496527,78983.257139,231251.8397,499884.593366,499884.593366,0,0,0,-Inf,0,0,0,0,0,0,0,0,0,0,0,0,0,0,0,0,0,0,-Inf,0,0,0,0,1,1,4,4,6,6,6,6,6,6,6,6,6,6,6,6,6
6809.709941,50481.65877,30206.07466,19232.84463,29171.92356,1000,10869.9354,205908.2041,Inf,Inf,136159.352397,11869.9354,205908.2041,353937.491897,353937.491897,0,0,0,-Inf,0,0,0,0,0,0,0,0,0,0,2556.199207,0,0,0,0,0,0,0,-Inf,0,2556.199207,0,2556.199207,1,1,1,1,1,1,1,1,10,10,10,10,10,10,10,10,10
7909.067119,51241.82418,36070.08956,19484.22357,30664.16789,1000,21232.0731,205908.2041,Inf,Inf,145621.006239,22232.0731,205908.2041,373761.283439,373761.283439,0,0,0,-Inf,0,0,0,0,0,0,0,0,0,0,2570.228025,0,0,0,0,0,0,0,-Inf,0,2570.228025,0,2570.228025,1,1,1,1,1,1,1,1,10,10,10,10,10,10,10,10,10
1473.156165,46258.83683,8313.942993,18220.33745,22378.11078,1000,13655.26099,185608.5271,Inf,Inf,96867.448973,15131.36308,185608.5271,304086.831553,304086.831553,0,0,0,-Inf,0,0,0,0,0,0,0,0,0,0,4436.773127,0,0,0,0,0,0,0,-Inf,0,4436.773127,0,4436.77312699999,1,1,1,1,1,1,1,1,1,1,1,1,1,1,1,1,1
5303.061218,51437.46793,37995.34548,19149.19746,32425.98149,1000,34902.53851,202562.45,Inf,Inf,146311.053578,35902.53851,202562.45,384776.042088,384776.042088,0,0,0,-Inf,0,0,0,0,0,0,0,0,0,0,4028.963862,0,0,0,0,0,0,0,-Inf,0,4028.963862,0,4028.963862,1,1,1,1,1,1,1,1,10,10,12,12,12,12,12,12,12
5340.328112,48885.02059,22566.25099,18645.65827,25778.2159,1000,9.999998897,161619.2198,Inf,Inf,121442.992567,1009.999998897,161619.2198,292745.25147305,292745.25147305,0,0,0,-Inf,0,0,0,0,0,0,0,0,0,0,3344.66419,1837.53597,4806,0,0,0,0,0,-Inf,0,9347.676334,0,9347.676334,1,1,1,1,1,1,1,1,1,1,1,1,1,1,1,1,1
8341.881804,60413.53642,73940,20978.88338,47500.88616,3276.812073,1424.143368,196088.1166,Inf,Inf,211175.187764,4700.955441,196088.1166,411964.259805,411964.259805,0,0,0,-Inf,-Inf,-Inf,-Inf,-Inf,-Inf,-Inf,-Inf,-Inf,0,-Inf,-Inf,-Inf,-Inf,-Inf,-Inf,0,0,0,-Inf,0,-Inf,0,0,1,1,4,4,4,4,4,4,4,4,4,4,4,4,4,4,4
750.9999999,36638.89727,9.999999926,15266.98759,11046.57477,1000,9.999998897,62857.7546,Inf,Inf,67616.613929926,1009.999998897,62857.7546,140955.58163405,140955.58163405,28303.546231177,0,0,-Inf,4220.474423,0,0,0,0,1320,0,0,0,0,4976.644383,4017.033396,4806,0,0,0,0,0,-Inf,5540.474423,12140.892917,0,12967.421791,2,2,2,2,2,7,7,7,7,7,7,7,7,7,7,7,7
5505.954247,49870.57344,29612.18483,19198.55873,28592.57036,1000,3862.072735,197688.7102,Inf,Inf,133326.819343,6187.715286,197688.7102,341765.836134,341765.836134,0,0,0,-Inf,0,0,0,0,0,0,0,0,0,0,2426.394596,0,0,0,0,0,0,0,-Inf,0,2426.394596,0,2426.394596,1,1,1,1,1,1,1,1,10,10,10,10,10,10,10,10,10
3206.463495,47365.10273,14920.60896,18406.68262,24484.42577,1000,9.999998897,168380.6641,Inf,Inf,108622.063241,1009.999998897,168380.6641,285698.756339897,285698.756339897,0,0,0,-Inf,0,0,0,0,0,0,0,0,0,0,3828.357899,1882.683858,4806,0,0,0,0,0,-Inf,0,9361.345339,0,9361.34533900001,1,1,1,1,1,1,1,1,1,1,1,1,1,1,1,1,1
8350,61175.07806,73940,21060.16312,51200,3332.944428,19234.60699,208624.7095,Inf,Inf,215810.16312,22567.551418,208624.7095,447002.424038,447002.424038,0,0,0,-Inf,-Inf,-Inf,-Inf,-Inf,-Inf,-Inf,-Inf,-Inf,0,-Inf,-Inf,-Inf,-Inf,-Inf,-Inf,0,0,0,-Inf,0,-Inf,0,0,1,1,4,4,4,4,4,4,4,4,4,4,4,4,4,4,4
5202.916753,49006.10738,21494.51481,16861.10757,26139.15065,1000,2537.512628,177240.2763,Inf,Inf,118945.351848,4034.05347,177240.2763,307613.998618,307613.998618,0,0,0,-Inf,0,0,0,0,0,0,0,0,0,0,3821.267649,0,0,0,0,0,0,0,-Inf,0,3821.267649,0,3821.267649,1,1,1,1,1,1,1,1,1,1,1,1,1,1,1,1,1
2369.161595,45983.91446,6413.495129,17700.68409,21608.68424,999.9999964,9.999998897,161278.4768,Inf,Inf,94263.140828,1009.999998897,161278.4768,263817.31654205,263817.31654205,0,0,0,-Inf,0,0,0,0,0,0,0,0,0,0,4533.008594,2023.626074,4806,0,0,0,0,0,-Inf,0,9746.895125,0,9746.895125,1,1,1,1,1,1,1,1,1,1,1,1,1,1,1,1,1
750.9999999,36900.20336,9.999999926,15705.84409,10536.42474,1000,9.999998897,88660.53156,Inf,Inf,69972.888079926,1009.999998897,88660.53156,176385.101359897,176385.101359897,0,0,0,-Inf,5421.761299,0,0,0,0,1320,1621.1426856,0,0,0,4893.551755,3711.273607,4806,0,0,0,0,0,-Inf,6741.761299,11674.727069,0,12867.9562356,2,2,2,2,2,7,7,7,7,7,7,7,7,7,7,7,7
1609.704515,45478.67065,4807.810645,17879.04099,15690.30446,1000,9.999998897,162665.7087,Inf,Inf,85465.53126,1009.999998897,162665.7087,249141.239958897,249141.239958897,0,0,0,-Inf,0,0,0,0,0,0,0,0,0,0,4627.138889,2225.57594,4806,0,0,0,0,0,-Inf,0,10039.084369,0,10039.084369,1,1,1,1,1,1,1,1,1,1,1,1,1,1,1,1,1
750.9999998,45131.23682,9.999999926,16607.9294,9372.600073,1000,9.999998897,112325.1107,Inf,Inf,73611.005839926,1009.999998897,112325.1107,193984.11241305,193984.11241305,0,0,0,-Inf,2595.435205,0,0,0,0,217.2984705,1558.8718832,0,0,0,4861.692482,3654.370929,4806,0,0,0,0,0,-Inf,2812.7336755,11592.277467,0,11928.724455,2,2,2,2,2,2,2,2,2,2,2,2,2,2,2,2,2
5133.170019,49373.10198,28748.35796,19237.08179,28447.87433,1000,5025.049503,198172.9171,Inf,Inf,131215.616979,6871.873334,198172.9171,343995.694413,343995.694413,0,0,0,-Inf,0,0,0,0,0,0,0,0,0,0,2485.634793,0,0,0,0,0,0,0,-Inf,0,2485.634793,0,2485.634793,1,1,1,1,1,1,1,1,10,10,10,10,10,10,10,10,10
750.9999999,35082.67667,9.999999988,14156.77382,11727.60261,1000,7.621144618,52908.28218,Inf,Inf,61728.053099988,1007.621144618,52908.28218,120837.30800698,120837.30800698,46338.860185394,0,0,-Inf,5054.80894,0,0,0,0,1320,2040,0,0,0,5070.609781,5848,4806,0,0,0,0,0,-Inf,6374.80894,13969.331144,0,16025.286252,2,2,2,2,2,7,7,7,7,7,7,7,14,14,14,14,14
750.9999998,45714.16274,9.999999926,17442.79383,21481.35663,1000,9.999998897,140966.8984,Inf,Inf,85605.031556626,1009.999998897,140966.8984,235125.04039435,235125.04039435,0,0,0,-Inf,1908.186027,0,0,0,0,714.9216753,0,0,0,0,4621.309267,3488.51853,4806,0,0,0,0,0,-Inf,1908.186027,11167.838241,0,11167.838241,2,2,2,2,2,2,2,2,2,2,2,2,2,2,2,2,2
750.9999999,44403.53565,9.999999926,17225.46182,19244.85977,1000,9.999998897,136187.7911,Inf,Inf,81760.606073026,1009.999998897,136187.7911,227083.817071923,227083.817071923,0,0,0,-Inf,3192.396706,0,0,0,0,1037.9686407,0,0,0,0,4657.7225,3640.550932,4806,0,0,0,0,0,-Inf,4230.3653467,11398.33601,0,11398.33601,2,2,2,2,2,2,2,2,2,2,2,2,2,2,2,2,2
750.9999998,45363.12542,9.999999926,17325.22045,8313.305896,1000,9.999998897,124286.0691,Inf,Inf,77297.402036926,1009.999998897,124286.0691,209471.67191545,209471.67191545,0,0,0,-Inf,2105.504429,0,0,0,0,791.5550227,0,0,0,0,4690.326494,3828.086042,4806,0,0,0,0,0,-Inf,2105.504429,11627.749694,0,11627.749694,2,2,2,2,2,2,2,2,2,2,2,2,2,2,2,2,2
8350,58224.4908,65691.40926,20678.15982,24428.10944,3444.508292,2144.23467,195000.2084,Inf,Inf,177372.16932,5588.742962,195000.2084,377961.120682,377961.120682,0,0,0,-Inf,-Inf,-Inf,-Inf,-Inf,-Inf,-Inf,-Inf,-Inf,0,-Inf,-Inf,-Inf,-Inf,-Inf,-Inf,0,0,0,-Inf,0,-Inf,0,0,1,1,4,4,4,4,4,4,4,4,4,4,4,4,4,4,4
3501.607829,47058.23847,12029.69334,17894.13636,23125.9301,1000,9.999998897,155807.5406,Inf,Inf,104168.750091,1009.999998897,155807.5406,269815.61295405,269815.61295405,0,0,0,-Inf,0,0,0,0,0,0,0,0,0,0,4262.806397,1965.753822,4806,0,0,0,0,0,-Inf,0,9621.330995,0,9621.330995,1,1,1,1,1,1,1,1,1,1,1,1,1,1,1,1,1
4516.626744,48562.40686,20901.45596,18549.0882,26224.29133,1000,9.999998897,183376.7059,Inf,Inf,119003.790257,1009.999998897,183376.7059,303390.496155897,303390.496155897,0,0,0,-Inf,0,0,0,0,0,0,0,0,0,0,3482.116976,0,509.562138,0,0,0,0,0,-Inf,0,3482.116976,0,3482.116976,1,1,1,1,1,1,1,1,1,1,1,1,1,1,1,1,1
4759.922613,61253.86204,49400.53054,21531.5383,34047.76955,6097.159439,6772.967903,212306.7885,Inf,Inf,170993.623043,12870.127342,212306.7885,396170.538885,396170.538885,0,0,0,-Inf,-Inf,-Inf,-Inf,-Inf,0,0,0,-Inf,0,0,-Inf,0,0,0,-Inf,0,0,-Inf,-Inf,0,0,0,0,1,1,4,4,4,4,4,4,4,4,4,4,4,4,4,4,4
1501.914073,46290.26322,6435.698303,17760.0136,21204.76465,1000,9.999998897,179321.1693,Inf,Inf,93412.976008,1009.999998897,179321.1693,273744.145306897,273744.145306897,0,0,0,-Inf,0,0,0,0,0,0,0,0,0,0,4478.495907,185.792357,4806,0,0,0,0,0,-Inf,0,7771.573465,0,7771.57346499999,1,1,1,1,1,1,1,1,1,1,1,1,1,1,1,1,1
750.9999999,41644.87731,9.999999926,15490.16854,9515.679129,1000,9.999998897,72518.60532,Inf,Inf,67990.440018926,1009.999998897,72518.60532,176746.070374897,176746.070374897,0,0,0,-Inf,3168.835053,0,0,0,0,1320,1287.2461194,0,0,0,4902.149877,3872.698385,4806,0,0,0,0,0,-Inf,4488.835053,11836.989766,0,12241.21455,2,2,2,2,2,7,7,7,7,7,7,7,7,7,7,7,7
8350,55347.7126,52546.89075,20320.82938,33152.8742,3539.148374,7643.475127,200007.6826,Inf,Inf,169718.30693,11182.623501,200007.6826,380908.613031,380908.613031,0,0,0,-Inf,0,0,0,0,0,0,0,0,0,0,0,0,0,0,0,0,0,0,-Inf,0,0,0,0,1,1,4,4,4,4,4,4,4,4,4,4,4,4,4,4,4
8266.406803,53006.15994,49625.7354,19637.37278,33139.38233,1000,9.999998897,197925.7934,Inf,Inf,167172.584014,1009.999998897,197925.7934,367876.5412785,367876.5412785,0,0,0,-Inf,0,0,0,0,0,0,0,0,0,0,2037.485293,0,0,0,0,0,0,0,-Inf,0,2037.485293,0,2037.48529300001,1,1,1,1,1,1,1,1,10,10,10,10,10,10,10,10,10
8350,61260,73940,22289.39294,51200,7829.580038,104102.4856,247302,Inf,Inf,217039.39294,111932.065638,247302,576273.458578,576273.458578,0,0,0,-Inf,0,0,0,0,0,0,0,0,0,0,0,0,0,0,0,0,0,0,-Inf,0,0,0,0,1,1,4,4,6,6,6,6,6,6,6,13,13,13,13,13,13
2647.864691,47441.27717,15167.83783,17903.16226,23810.21131,1000,9.999998897,150067.9195,Inf,Inf,107242.01391,1009.999998897,150067.9195,267209.97948205,267209.97948205,0,0,0,-Inf,0,0,0,0,0,0,0,0,0,0,4356.978293,3311.161058,4806,0,0,0,0,0,-Inf,0,10647.182236,0,10647.182236,1,1,1,1,1,1,1,1,1,1,1,1,1,1,1,1,1
8007.404095,57674.79861,58543.04089,20454.98031,37432.38307,3317.121835,1499.640158,197812.0363,Inf,Inf,182447.084684,4816.761993,197812.0363,385075.882977,385075.882977,0,0,0,-Inf,0,0,0,0,0,0,0,0,0,0,0,0,0,0,0,0,0,0,-Inf,0,0,0,0,1,1,4,4,4,4,4,4,4,4,4,4,4,4,4,4,4
4440.818975,48945.40792,24802.71157,18795.64599,27482.80986,1000,9.999998897,187890.1439,Inf,Inf,124749.720502,1009.999998897,187890.1439,320960.364600897,320960.364600897,0,0,0,-Inf,0,0,0,0,0,0,0,0,0,0,2617.384276,186.4644785,267,0,0,0,0,0,-Inf,0,2617.384276,0,2617.384276,1,1,1,1,1,1,1,1,1,1,1,1,1,1,1,1,1
747.3613109,44519.54033,9.999999926,14485.86196,8211.346438,1000,9.999998897,40995.37521,Inf,Inf,71120.375857926,1009.999998897,40995.37521,119825.85001905,119825.85001905,48835.320213177,0,0,-Inf,992.556167,0,0,0,0,0,1742.7879829,0,0,0,4825.87513,4798.867864,4806,0,0,0,0,0,-Inf,1742.7879829,12763.039503,0,14505.8274859,2,2,2,2,2,7,7,7,7,7,7,7,14,14,14,14,14
8341.881804,61171.73195,73940,21103.69335,31580.63773,4276.650399,10191.82705,209838.5448,Inf,Inf,196137.944834,14468.477449,209838.5448,420444.967083,420444.967083,0,0,0,-Inf,-Inf,-Inf,-Inf,-Inf,0,0,0,-Inf,0,0,-Inf,0,0,0,-Inf,0,0,0,-Inf,0,0,0,0,1,1,4,4,4,4,4,4,4,4,4,4,4,4,4,4,4
7040.935969,51021.29619,33772.80562,19081.31057,30087.31606,1000,9.999998897,189142.4049,Inf,Inf,141360.359945,1009.999998897,189142.4049,337768.09904905,337768.09904905,0,0,0,-Inf,0,0,0,0,0,0,0,0,0,0,2438.779569,58.1348262,267,0,0,0,0,0,-Inf,0,2438.779569,0,2438.77956900001,1,1,1,1,1,1,1,1,10,10,10,10,10,10,10,10,10
4710.810457,48449.41019,19154.21375,18231.39286,19241.56226,1000,9.999998897,161205.2226,Inf,Inf,110017.841502,1009.999998897,161205.2226,280728.38302005,280728.38302005,0,0,0,-Inf,0,0,0,0,0,0,0,0,0,0,4388.533854,2053.337979,4806,0,0,0,0,0,-Inf,0,9555.866723,0,9555.866723,1,1,1,1,1,1,1,1,1,1,1,1,1,1,1,1,1
8341.881804,60303.85258,73788.1848,21098.82697,42409.07635,3288.787334,1551.560551,197637.8272,Inf,Inf,205941.822504,4840.347885,197637.8272,408419.997589,408419.997589,0,0,0,-Inf,-Inf,-Inf,-Inf,-Inf,0,0,0,-Inf,0,0,-Inf,0,0,0,-Inf,0,0,0,-Inf,0,0,0,0,1,1,4,4,4,4,4,4,4,4,4,4,4,4,4,4,4
8168.946248,52472.11748,38562.41482,19332.0519,31522.65916,1000,9.999998897,192965.2248,Inf,Inf,150239.24336,1009.999998897,192965.2248,344214.468158897,344214.468158897,0,0,0,-Inf,0,0,0,0,0,0,0,0,0,0,2519.236715,0,436.812073,0,0,0,0,0,-Inf,0,2956.048788,0,2956.048788,1,1,1,1,1,1,1,1,10,10,10,10,10,10,10,10,10
5555.861378,49459.70044,27032.89995,18890.95972,28104.28734,1000,9.999998897,189421.6459,Inf,Inf,129300.610048,1009.999998897,189421.6459,325479.908346897,325479.908346897,0,0,0,-Inf,0,0,0,0,0,0,0,0,0,0,2568.702298,67.7509639,267,0,0,0,0,0,-Inf,0,2568.702298,0,2568.702298,1,1,1,1,1,1,1,1,10,10,10,10,10,10,10,10,10
2863.116476,46600.46477,9853.248001,18020.0463,21157.29158,1000,9.999998897,162108.8099,Inf,Inf,98696.849677,1009.999998897,162108.8099,261815.659575897,261815.659575897,0,0,0,-Inf,0,0,0,0,0,0,0,0,0,0,4569.581546,2150.396648,4806,0,0,0,0,0,-Inf,0,9797.245343,0,9797.245343,1,1,1,1,1,1,1,1,1,1,1,1,1,1,1,1,1
3061.220752,52244.51567,37966.23633,19724.16992,28965.04976,1000.000001,7083.114087,189366.3959,Inf,Inf,150399.363062,13058.479167,189366.3959,352824.238129,352824.238129,0,0,0,-Inf,0,0,0,0,0,0,0,0,0,0,1798.276431,0,0,0,0,0,0,0,-Inf,0,1798.276431,0,1798.27643100001,1,1,1,1,1,1,1,1,1,1,1,1,1,1,1,1,1
1644.741915,45876.46336,5741.56006,17911.12308,21019.89138,1000,9.999998897,161844.1979,Inf,Inf,92395.056813,1009.999998897,161844.1979,263626.96289005,263626.96289005,0,0,0,-Inf,0,0,0,0,0,0,0,0,0,0,4556.309836,2210.415159,4806,0,0,0,0,0,-Inf,0,9879.277092,0,9879.277092,1,1,1,1,1,1,1,1,1,1,1,1,1,1,1,1,1
7706.513144,50942.03139,31612.45506,19333.12067,25373.38963,1000,9.999998897,199931.4956,Inf,Inf,135206.568596,1009.999998897,199931.4956,336148.064194897,336148.064194897,0,0,0,-Inf,0,0,0,0,0,0,0,0,0,0,2629.40507,0,0,0,0,0,0,0,-Inf,0,2629.40507,0,2629.40506999999,1,1,1,1,1,1,1,1,10,10,10,10,10,10,10,10,10
8341.881804,61211.50327,73940,21118.64906,51200,3308.172228,1929.184643,205706.2869,Inf,Inf,215817.914164,5237.356871,205706.2869,426761.557935,426761.557935,0,0,0,-Inf,-Inf,-Inf,-Inf,-Inf,0,0,0,-Inf,0,0,-Inf,0,0,0,-Inf,0,0,0,-Inf,0,0,0,0,1,1,4,4,4,4,4,4,4,4,4,4,4,4,4,4,4
3041.736224,47102.11562,14314.37253,16593.32326,17957.85973,1000,9.999998897,123559.5606,Inf,Inf,99238.772019,1009.999998897,123559.5606,230650.58297105,230650.58297105,0,0,0,-Inf,0,0,0,0,0,0,0,0,0,0,4474.28639,3109.951729,4806,0,0,0,0,0,-Inf,0,10633.350142,0,10633.350142,2,2,2,2,2,2,2,2,2,2,2,2,2,2,2,2,2
8350,61260,73940,22510,39119.21682,7620.870336,33969.6159,247302,Inf,Inf,205179.21682,41590.486236,247302,494071.703056,494071.703056,0,0,0,-Inf,-Inf,-Inf,-Inf,-Inf,0,0,0,-Inf,0,0,-Inf,0,0,0,-Inf,0,0,-Inf,-Inf,0,0,0,0,1,1,4,4,6,6,6,6,6,6,6,6,6,6,6,6,6
5438.686642,48419.03667,23035.70721,18948.01532,24146.83796,1000,9.999998897,183912.9614,Inf,Inf,123422.126167,1009.999998897,183912.9614,310901.48554949,310901.48554949,0,0,0,-Inf,0,0,0,0,0,0,0,0,0,0,2727.034102,285.9958393,2334.354246,0,0,0,0,0,-Inf,0,5061.388348,0,5061.38834799999,1,1,1,1,1,1,1,1,1,1,1,1,1,1,1,1,1
751,35803.66449,9.999999988,15062.46578,11764.6872,1000,7.621144618,72055.91768,Inf,Inf,63391.817469988,1007.621144618,72055.91768,145645.72450098,145645.72450098,27599.696435394,0,0,-Inf,7258.89598,0,0,0,0,1320,2040,0,0,0,5010.176493,5848,4806,0,0,0,0,0,-Inf,8578.89598,13860.343898,0,16168.006737,2,2,2,2,2,7,7,7,7,7,7,7,7,7,7,7,7
8350,56570.15691,59243.42033,20524.14409,31131.29488,3326.390879,18446.70099,200265.9524,Inf,Inf,175819.01621,21773.091869,200265.9524,397858.060479,397858.060479,0,0,0,-Inf,-Inf,-Inf,-Inf,-Inf,0,0,0,-Inf,0,0,-Inf,0,0,0,-Inf,0,0,0,-Inf,0,0,0,0,1,1,4,4,4,4,4,4,4,4,4,4,4,4,4,4,4
2840.214093,46691.41357,12002.92875,18451.58079,21169.2901,1000,9.999998897,160781.7214,Inf,Inf,101368.536838,1009.999998897,160781.7214,272134.77440905,272134.77440905,0,0,0,-Inf,0,0,0,0,0,0,0,0,0,0,3466.668617,2817.02527,4806,0,0,0,0,0,-Inf,0,10416.769795,0,10416.769795,1,1,1,1,1,1,1,1,1,1,1,1,1,1,1,1,1
6660.354582,50673.67432,34287.91329,19366.10947,30118.93169,1000,10795.35091,197799.7676,Inf,Inf,141388.584227,13094.658293,197799.7676,358013.521867,358013.521867,0,0,0,-Inf,0,0,0,0,0,0,0,0,0,0,2446.469149,0,0,0,0,0,0,0,-Inf,0,2446.469149,0,2446.469149,1,1,1,1,1,1,1,1,10,10,10,10,10,10,10,10,10
8341.881804,59997.25924,73668.99644,20955.57601,46659.90861,3322.194894,1493.861059,198626.8321,Inf,Inf,209623.622104,4816.055953,198626.8321,413066.510157,413066.510157,0,0,0,-Inf,0,0,0,0,0,0,0,0,0,0,0,0,0,0,0,0,0,0,-Inf,0,0,0,0,1,1,4,4,4,4,4,4,4,4,4,4,4,4,4,4,4
2530.760185,45953.60957,5764.134817,16365.26426,12267.32293,1000,9.999998897,107884.2492,Inf,Inf,91109.699667,1009.999998897,107884.2492,220233.36406705,220233.36406705,0,0,0,-Inf,0,0,0,0,0,0,270.480148,0,0,0,4601.018187,3424.011615,4806,0,0,0,0,0,-Inf,270.480148000002,11277.549102,0,11277.549102,2,2,2,2,2,2,2,2,2,2,2,2,2,2,2,2,2
8341.881805,55382.8039,48060.3029,20064.23179,21169.39419,2211.32799,10.00000005,179545.0697,Inf,Inf,153018.614585,2221.32799005,179545.0697,334785.01227505,334785.01227505,0,0,0,-Inf,0,0,0,-Inf,-Inf,-Inf,-Inf,-Inf,0,0,-Inf,241.9494088,267,0,0,0,0,0,-Inf,0,508.9494088,0,508.949408799999,1,1,1,1,1,1,1,1,10,10,10,10,10,10,10,10,10
8339.998298,55550.86514,52424.90137,19697.35227,38939.40224,1000,9.999998897,164311.5141,Inf,Inf,174962.52102,1009.999998897,164311.5141,347142.76921705,347142.76921705,0,0,0,-Inf,0,0,0,0,0,0,0,0,0,0,2321.412518,957.9366,4806,0,0,0,0,0,-Inf,0,8085.349118,0,8085.349118,1,1,1,1,1,1,1,1,10,10,10,10,10,10,10,10,10
8350,61260,73940,22510,51200,7870,81948.57467,247302,Inf,Inf,217260,89818.57467,247302,554380.57467,554380.57467,0,0,0,-Inf,0,0,0,0,0,0,0,0,0,0,0,0,0,0,0,0,0,0,-Inf,0,0,0,0,1,1,4,4,6,6,6,6,6,6,6,13,13,13,13,13,13
8350,56169.1582,51447.60919,19718.48657,37773.02344,1000,15548.79937,205908.2041,Inf,Inf,173458.2774,16548.79937,205908.2041,395915.28087,395915.28087,0,0,0,-Inf,0,0,0,0,0,0,0,0,0,0,2243.544734,0,0,0,0,0,0,0,-Inf,0,2243.544734,0,2243.544734,1,1,4,4,4,4,4,4,4,4,4,4,4,4,4,4,4
7724.455246,53411.72138,43664.92568,19895.27978,35086.84767,1000.000001,44744.737,216646.4988,Inf,Inf,159783.229756,45744.737001,216646.4988,422174.465557,422174.465557,0,0,0,-Inf,0,0,0,0,0,0,0,0,0,0,1503.431155,0,0,0,0,0,0,0,-Inf,0,1503.431155,0,1503.431155,1,1,1,1,1,1,1,1,10,10,12,12,12,12,12,12,12
8350,61260,73940,22510,48555.02781,6196.568283,27489.15794,247302,Inf,Inf,214615.02781,33685.726223,247302,495602.754033,495602.754033,0,0,0,-Inf,0,0,0,0,0,0,0,0,0,0,0,0,0,0,0,0,0,0,-Inf,0,0,0,0,1,1,4,4,6,6,6,6,6,6,6,6,6,6,6,6,6
2804.161849,46638.26003,9203.158859,18311.97849,23018.9774,1000,20378.48746,191719.2137,Inf,Inf,100185.279642,21743.05954,191719.2137,318408.460882,318408.460882,0,0,0,-Inf,0,0,0,0,0,0,0,0,0,0,3838.173352,0,0,0,0,0,0,0,-Inf,0,3838.173352,0,3838.173352,1,1,1,1,1,1,1,1,1,1,1,1,1,1,1,1,1
5674.411513,49283.14672,25302.17864,19114.35965,27647.29462,1000,9.999998897,197633.9292,Inf,Inf,127258.897718,1009.999998897,197633.9292,333606.101516897,333606.101516897,0,0,0,-Inf,0,0,0,0,0,0,0,0,0,0,2655.73412,216.1600155,267,0,0,0,0,0,-Inf,0,2655.73412,0,2655.73411999999,1,1,1,1,1,1,1,1,10,10,10,10,10,10,10,10,10
7507.021732,53151.80239,44278.37505,19947.02266,35119.46354,1000.000001,20119.68043,216646.4988,Inf,Inf,160003.685372,21119.680431,216646.4988,397769.864603,397769.864603,0,0,0,-Inf,0,0,0,0,0,0,0,0,0,0,1527.639492,0,0,0,0,0,0,0,-Inf,0,1527.639492,0,1527.639492,1,1,4,4,4,4,4,4,4,4,4,4,4,4,4,4,4
5308.423858,48793.1297,20616.56951,18794.25517,26468.01539,1000,9.999998897,188449.4006,Inf,Inf,120201.81583,1009.999998897,188449.4006,309661.216428897,309661.216428897,0,0,0,-Inf,0,0,0,0,0,0,0,0,0,0,2732.125724,1638.052881,4806,0,0,0,0,0,-Inf,0,9176.178605,0,9176.17860499999,1,1,1,1,1,1,1,1,1,1,1,1,1,1,1,1,1
8350,56402.18778,59981.77457,19868.17834,41248.12663,1000,12256.77093,201069.079,Inf,Inf,185850.26732,13602.45507,201069.079,405360.92649,405360.92649,0,0,0,-Inf,0,0,0,0,0,0,0,0,0,0,2276.019487,0,0,0,0,0,0,0,-Inf,0,2276.019487,0,2276.019487,1,1,4,4,4,4,4,4,4,4,4,4,4,4,4,4,4
8350,61260,73940,21674.61201,46128.80139,4052.140774,15828.09909,227007.0673,Inf,Inf,211353.4134,19880.239864,227007.0673,458240.720564,458240.720564,0,0,0,-Inf,-Inf,-Inf,-Inf,-Inf,-Inf,-Inf,-Inf,-Inf,0,-Inf,-Inf,-Inf,-Inf,-Inf,-Inf,0,0,0,-Inf,0,-Inf,0,0,1,1,4,4,4,4,4,4,4,4,4,4,4,4,4,4,4
7193.392147,57420.04809,58297.4449,20913.76738,43070.71017,3400.12628,49047.76148,231251.8397,Inf,Inf,186895.362687,52447.88776,231251.8397,470595.090147,470595.090147,0,0,0,-Inf,0,0,0,0,0,0,0,0,0,0,0,0,0,0,0,0,0,0,-Inf,0,0,0,0,1,1,4,4,6,6,6,6,6,6,6,6,6,6,6,6,6
750.9999999,38052.39705,9.999999926,15308.63216,8212.994702,1000,9.999998897,99912.77622,Inf,Inf,62335.023911926,1009.999998897,99912.77622,170898.19026605,170898.19026605,0,0,0,-Inf,3595.238483,0,0,0,0,1320,0,0,0,0,4972.38714,3973.599326,4806,0,0,0,0,0,-Inf,4915.238483,12043.476743,0,12718.932584,2,2,2,2,2,7,7,7,7,7,7,7,7,7,7,7,7
707.7163237,2120,9.999999988,2500,3004.729851,1000,7.621144618,24188.1381,Inf,Inf,11918.990083,1007.621144618,24188.1381,40376.22007298,40376.22007298,56081.578,61907.805,16432.295117394,-Inf,7593.553136,0,0,0,0,1320,2340,0,0,3141.58063,5971.161974,5848,4806,0,0,490.153065,1197,0,-Inf,12051.304174,13982.805872,1197,18022.466148,2,2,2,5,5,5,5,5,5,11,11,11,11,11,11,11,11
8350,53536.8175,41519.0969,19582.16375,32010.31209,1000,6150.804147,205908.2041,Inf,Inf,154998.39024,7150.804147,205908.2041,368057.398487,368057.398487,0,0,0,-Inf,0,0,0,0,0,0,0,0,0,0,2491.55011,0,0,0,0,0,0,0,-Inf,0,2491.55011,0,2491.55011,1,1,1,1,1,1,1,1,10,10,10,10,10,10,10,10,10
751.0000049,45277.11682,9.999999926,17431.58696,22882.78133,1000,9.999998897,146408.985,Inf,Inf,87224.981535226,1009.999998897,146408.985,243735.17225495,243735.17225495,0,0,0,-Inf,1182.767264,0,0,0,0,0,0,0,0,0,4732.741146,3382.006881,4806,0,0,0,0,0,-Inf,1182.767264,11183.424431,0,11183.424431,2,2,2,2,2,2,2,2,2,2,2,2,2,2,2,2,2
8350,56176.86904,58020.39482,19890.95043,41328.29705,1000,8956.865032,205908.2041,Inf,Inf,183766.51134,9956.865032,205908.2041,399631.580472,399631.580472,0,0,0,-Inf,0,0,0,0,0,0,0,0,0,0,2388.463184,0,0,0,0,0,0,0,-Inf,0,2388.463184,0,2388.46318399999,1,1,4,4,4,4,4,4,4,4,4,4,4,4,4,4,4
8350,61260,73940,22382.16096,45540.27599,5043.276234,8183.13472,238485.03,Inf,Inf,211472.43695,13226.410954,238485.03,463183.877904,463183.877904,0,0,0,-Inf,-Inf,-Inf,-Inf,-Inf,0,0,0,-Inf,0,0,-Inf,0,0,0,-Inf,0,0,-Inf,-Inf,0,0,0,0,1,1,4,4,4,4,4,4,4,4,4,4,4,4,4,4,4
8350,61260,73940,22510,51200,7870,53243.88621,247302,Inf,Inf,217260,61113.88621,247302,525675.88621,525675.88621,0,0,0,-Inf,0,0,0,0,0,0,0,0,0,0,0,0,0,0,0,0,0,0,-Inf,0,0,0,0,1,1,4,4,6,6,6,6,6,6,6,6,6,6,6,6,6
6046.085145,49827.29301,27582.82087,19205.00478,28364.12607,1000,8395.199743,205908.2041,Inf,Inf,131279.599709,9395.199743,205908.2041,346583.003552,346583.003552,0,0,0,-Inf,0,0,0,0,0,0,0,0,0,0,2576.206791,0,0,0,0,0,0,0,-Inf,0,2576.206791,0,2576.206791,1,1,1,1,1,1,1,1,10,10,10,10,10,10,10,10,10
8350,61260,73940,22510,51200,7870,104644.4824,247302,Inf,Inf,217260,112514.4824,247302,577076.4824,577076.4824,0,0,0,-Inf,0,0,0,0,0,0,0,0,0,0,0,0,0,0,0,0,0,0,-Inf,0,0,0,0,1,1,4,4,6,6,6,6,6,6,6,13,13,13,13,13,13
5113.613549,48439.07156,17593.97847,18692.21939,25683.20081,1000,18920.61068,197182.7835,Inf,Inf,115728.483604,20420.98964,197182.7835,339934.134144,339934.134144,0,0,0,-Inf,0,0,0,0,0,0,0,0,0,0,2802.139091,0,0,0,0,0,0,0,-Inf,0,2802.139091,0,2802.139091,1,1,1,1,1,1,1,1,1,1,1,1,1,1,1,1,1
8350,61260,69503.22579,21300.66169,43722.29191,4057.572453,10488.62563,216709.8519,Inf,Inf,204136.17939,14546.198083,216709.8519,435392.229373,435392.229373,0,0,0,-Inf,0,0,0,0,0,0,0,0,0,0,0,0,0,0,0,0,0,0,-Inf,0,0,0,0,1,1,4,4,4,4,4,4,4,4,4,4,4,4,4,4,4
3353.911798,46801.08323,10429.60183,18141.46434,11744.04928,1000,9.999998897,152100.8943,Inf,Inf,98095.29576,1009.999998897,152100.8943,258522.91863005,258522.91863005,0,0,0,-Inf,0,0,0,0,0,0,0,0,0,0,4482.574455,2107.021639,4806,0,0,0,0,0,-Inf,0,9802.199018,0,9802.199018,2,2,2,2,2,2,2,2,2,2,2,2,2,2,2,2,2
6774.42001,50248.63385,28897.84383,19176.38952,12386.24627,1000,9.999998897,176075.3679,Inf,Inf,117726.459527,1009.999998897,176075.3679,303685.70444605,303685.70444605,0,0,0,-Inf,0,0,0,0,0,0,0,0,0,0,2621.120805,1432.736444,4806,0,0,0,0,0,-Inf,0,8859.857249,0,8859.85724899999,1,1,1,1,1,1,1,1,1,1,1,1,1,1,1,1,1
750.9999999,41636.27963,9.999999926,12093.37229,4444.810743,1000,9.999998897,25029,Inf,Inf,60994.02001328,1009.999998897,25029,88061.69333828,88061.69333828,56081.578,52142.25166172,0,-Inf,3986.608363,0,0,0,0,1320,2040,0,0,0,4997.752456,3918.774081,4806,0,0,0,0,0,-Inf,5306.608363,11886.896129,0,12893.5772603,2,2,2,2,2,7,7,7,7,7,7,7,14,14,14,14,14
908.0614558,10593.03148,17110.29723,2936.036712,6849.38894,5508.66913,6461.676311,40773.73044,Inf,Inf,38396.8158178,11970.345441,40773.73044,91140.8916988,91140.8916988,44828.118,20929.4033012,0,-Inf,0,0,0,0,0,0,0,0,0,0,0,0,0,0,0,0,0,0,-Inf,0,0,0,0,2,2,2,2,2,7,7,7,7,7,7,7,14,14,14,17,17
8341.881804,55109.08798,46226.33213,10993.78618,26766.95108,1000,9.999998897,139167.3961,Inf,Inf,164741.26289,1009.999998897,139167.3961,316273.85439305,316273.85439305,0,0,0,-Inf,0,0,0,0,0,0,0,0,0,0,2378.006076,180.7555195,1330.217228,0,0,0,0,0,-Inf,0,3708.223304,0,3708.223304,1,1,1,1,1,1,1,1,10,10,10,10,10,10,16,16,16
8108.305455,53530.86868,53246.51736,19685.02004,35811.99759,2230.845778,10.00000005,185491.9234,Inf,Inf,170382.709125,2240.84577805,185491.9234,358115.47830305,358115.47830305,0,0,0,-Inf,0,0,0,-Inf,0,0,0,-Inf,0,0,-Inf,296.0987595,267,0,0,0,0,0,-Inf,0,563.0987595,0,563.098759500001,1,1,1,1,1,1,1,1,10,10,10,10,10,10,10,10,10
8350,57132.3274,62409.14175,19918.82723,41545.15061,1000,10743.36822,205908.2041,Inf,Inf,189355.44699,11743.36822,205908.2041,407007.01931,407007.01931,0,0,0,-Inf,0,0,0,0,0,0,0,0,0,0,2156.464008,0,0,0,0,0,0,0,-Inf,0,2156.464008,0,2156.464008,1,1,4,4,4,4,4,4,4,4,4,4,4,4,4,4,4
8350,61260,73940,22510,51200,7870,33846.63632,247302,Inf,Inf,217260,41716.63632,247302,506278.63632,506278.63632,0,0,0,-Inf,0,0,0,0,0,0,0,0,0,0,0,0,0,0,0,0,0,0,-Inf,0,0,0,0,1,1,4,4,6,6,6,6,6,6,6,6,6,6,6,6,6
8350,61260,73940,22510,51200,7870,96382.03377,247302,Inf,Inf,217260,104252.03377,247302,568814.03377,568814.03377,0,0,0,-Inf,0,0,0,0,0,0,0,0,0,0,0,0,0,0,0,0,0,0,-Inf,0,0,0,0,1,1,4,4,6,6,6,6,6,6,6,13,13,13,13,13,13
8350,57452.06276,63707.54999,20003.04001,43806.3304,1000,10237.90969,205908.2041,Inf,Inf,193318.98316,11237.90969,205908.2041,410465.09695,410465.09695,0,0,0,-Inf,0,0,0,0,0,0,0,0,0,0,2205.274041,0,0,0,0,0,0,0,-Inf,0,2205.274041,0,2205.274041,1,1,4,4,4,4,4,4,4,4,4,4,4,4,4,4,4
8350,56401.77552,54371.83366,19774.46003,39903.99259,1000,9.999998897,187120.4364,Inf,Inf,178802.0618,1009.999998897,187120.4364,366932.498198897,366932.498198897,0,0,0,-Inf,0,0,0,0,0,0,0,0,0,0,2229.75274,0,3358.978731,0,0,0,0,0,-Inf,0,5588.731471,0,5588.73147100001,1,1,1,1,1,1,1,1,10,10,10,10,10,10,10,10,10
4249.118124,48596.87051,22736.17397,18716.68847,26895.74665,1000,9.999998897,191737.159,Inf,Inf,121463.058869,1009.999998897,191737.159,322892.15198305,322892.15198305,0,0,0,-Inf,0,0,0,0,0,0,0,0,0,0,2909.645634,204.6090111,267,0,0,0,0,0,-Inf,0,2909.645634,0,2909.645634,1,1,1,1,1,1,1,1,1,1,1,1,1,1,1,1,1
751,35548.26232,9.999999988,14921.41401,16094.33444,1000,9.999998897,98655.42845,Inf,Inf,67385.542199988,1009.999998897,98655.42845,173474.98056105,173474.98056105,0,0,0,-Inf,7710.512385,0,0,0,0,1320,0,0,0,0,5285.028735,4212.396902,4806,0,0,0,0,0,-Inf,9030.512385,12254.198202,0,14315.54112,2,2,2,2,2,7,7,7,7,7,7,7,7,7,7,7,7
7619.673262,51554.087,35560.11248,18768.36521,30273.2293,1000,9.999998897,174521.3386,Inf,Inf,144061.363856,1009.999998897,174521.3386,319592.702454897,319592.702454897,0,0,0,-Inf,0,0,0,0,0,0,0,0,0,0,3115.743459,445.629271,4806,0,0,0,0,0,-Inf,0,7669.106773,0,7669.10677300001,1,1,1,1,1,1,1,1,10,10,10,10,10,10,10,10,10
750.9999998,45347.71717,9.999999926,16804.81206,9231.634614,1000,9.999998897,124089.1981,Inf,Inf,72333.984686526,1009.999998897,124089.1981,204646.39262575,204646.39262575,0,0,0,-Inf,2200.529382,0,0,0,0,941.0853712,0,0,0,0,4723.563934,3813.140372,4806,0,0,0,0,0,-Inf,2200.529382,11546.274284,0,11546.274284,2,2,2,2,2,2,2,2,2,2,2,2,2,2,2,2,2
3014.417376,47552.43905,16531.499,17913.59916,16170.33022,1000,9.999998897,173114.8412,Inf,Inf,101446.750173,1009.999998897,173114.8412,275571.591371897,275571.591371897,0,0,0,-Inf,0,0,0,0,0,0,0,0,0,0,4371.401696,0,4650.8941116,0,0,0,0,0,-Inf,0,7209.1128726,0,7209.1128726,1,1,1,1,1,1,1,1,1,1,1,1,1,1,1,1,1
3303.10012,57934.95924,45188.0464,20599.69345,22993.12061,6259.387319,7506.416398,195128.8374,Inf,Inf,150018.91982,13765.803717,195128.8374,358913.560937,358913.560937,0,0,0,-Inf,0,0,0,0,0,0,0,0,0,0,0,0,0,0,0,0,0,0,-Inf,0,0,0,0,1,1,4,4,4,4,4,4,4,4,4,4,4,4,4,4,4
750.9999998,39422.60176,9.999999926,16987.10525,13910.18225,1000,9.999998897,83536.10051,Inf,Inf,71314.379339926,1009.999998897,83536.10051,155860.479848823,155860.479848823,17481.374151177,0,0,-Inf,4259.257472,0,0,0,0,1320,2040,0,0,0,4849.002981,3666.918033,4806,0,0,0,0,0,-Inf,5579.257472,11578.032662,0,13573.8556744,2,2,2,2,2,7,7,7,7,7,7,7,7,7,7,7,7
8350,61163.97307,66733.08382,21471.20506,25213.45445,5272.292903,5449.146682,201100.2431,Inf,Inf,182972.82554,10721.439585,201100.2431,394794.508225,394794.508225,0,0,0,-Inf,0,0,0,0,0,0,0,0,0,0,0,0,0,0,0,0,0,0,-Inf,0,0,0,0,1,1,4,4,4,4,4,4,4,4,4,4,4,4,4,4,4
8350,56402.93383,53854.27568,20453.65753,31351.44442,3406.88327,1842.466381,181477.8115,Inf,Inf,170412.31146,5249.349651,181477.8115,357139.472611,357139.472611,0,0,0,-Inf,0,0,0,0,0,0,0,0,0,0,0,0,0,0,0,0,0,0,-Inf,0,0,0,0,1,1,4,4,4,4,4,4,4,4,4,4,4,4,4,4,4
8350,57539.33598,62635.09105,20518.5772,40134.37494,3446.56763,2508.75352,167014.0471,Inf,Inf,189177.37917,5955.32115,167014.0471,362146.74742,362146.74742,0,0,0,-Inf,0,0,0,0,0,0,0,0,0,0,0,0,0,0,0,0,0,0,-Inf,0,0,0,0,1,1,4,4,4,4,4,4,4,4,4,4,4,4,4,4,4
7724.455246,51221.349,33134.37972,19341.99088,30048.37959,1000,20975.53011,205908.2041,Inf,Inf,141723.440491,21975.53011,205908.2041,369607.174701,369607.174701,0,0,0,-Inf,0,0,0,0,0,0,0,0,0,0,2566.400911,0,0,0,0,0,0,0,-Inf,0,2566.400911,0,2566.400911,1,1,1,1,1,1,1,1,10,10,10,10,10,10,10,10,10
7189.72926,50900.66761,32522.06853,19303.49966,29829.03622,1000,22155.82085,205908.2041,Inf,Inf,140010.466705,23155.82085,205908.2041,369074.491655,369074.491655,0,0,0,-Inf,0,0,0,0,0,0,0,0,0,0,2514.64063,0,0,0,0,0,0,0,-Inf,0,2514.64063,0,2514.64062999999,1,1,1,1,1,1,1,1,10,10,10,10,10,10,10,10,10
2804.161849,46638.26003,9203.158859,18311.97849,23018.9774,1000,20378.48746,191719.2137,Inf,Inf,100185.279642,21743.05954,191719.2137,318408.460882,318408.460882,0,0,0,-Inf,0,0,0,0,0,0,0,0,0,0,3838.173352,0,0,0,0,0,0,0,-Inf,0,3838.173352,0,3838.173352,1,1,1,1,1,1,1,1,1,1,1,1,1,1,1,1,1
5674.411513,49283.14672,25302.17864,19114.35965,27647.29462,1000,9.999998897,197633.9292,Inf,Inf,127258.897718,1009.999998897,197633.9292,333606.101516897,333606.101516897,0,0,0,-Inf,0,0,0,0,0,0,0,0,0,0,2655.73412,216.1600155,267,0,0,0,0,0,-Inf,0,2655.73412,0,2655.73411999999,1,1,1,1,1,1,1,1,10,10,10,10,10,10,10,10,10
5308.423858,48793.1297,20616.56951,18794.25517,26468.01539,1000,9.999998897,188449.4006,Inf,Inf,120201.81583,1009.999998897,188449.4006,309661.216428897,309661.216428897,0,0,0,-Inf,0,0,0,0,0,0,0,0,0,0,2732.125724,1638.052881,4806,0,0,0,0,0,-Inf,0,9176.178605,0,9176.17860499999,1,1,1,1,1,1,1,1,1,1,1,1,1,1,1,1,1
5786.980503,49282.07478,23364.58083,18989.20505,27241.234,1000,10671.3755,205908.2041,Inf,Inf,124893.445789,11671.3755,205908.2041,342473.025389,342473.025389,0,0,0,-Inf,0,0,0,0,0,0,0,0,0,0,2691.673135,0,0,0,0,0,0,0,-Inf,0,2691.673135,0,2691.673135,1,1,1,1,1,1,1,1,10,10,10,10,10,10,10,10,10
707.7163237,2120,9.999999926,2500,3004.729851,1000,7.621144618,24188.1381,Inf,Inf,11918.990083,1007.621144618,24188.1381,40376.22007298,40376.22007298,56081.578,61907.805,16432.295117394,-Inf,7593.553136,0,0,0,0,1320,2340,0,0,3141.58063,5971.161974,5848,4806,0,0,490.153065,1197,0,-Inf,12051.304174,13982.805872,1197,18022.466148,2,2,2,5,5,5,5,5,5,11,11,11,11,11,11,11,11
751.0000049,45277.11682,9.999999926,17431.58696,22882.78133,1000,9.999998897,146408.985,Inf,Inf,87224.981535226,1009.999998897,146408.985,243735.17225495,243735.17225495,0,0,0,-Inf,1182.767264,0,0,0,0,0,0,0,0,0,4732.741146,3382.006881,4806,0,0,0,0,0,-Inf,1182.767264,11183.424431,0,11183.424431,2,2,2,2,2,2,2,2,2,2,2,2,2,2,2,2,2
8341.881804,58697.67285,65777.48064,20805.01362,42141.71515,3306.410743,2125.28261,200491.9861,Inf,Inf,195763.764064,5431.693353,200491.9861,401687.443517,401687.443517,0,0,0,-Inf,0,0,0,0,0,0,0,0,0,0,0,0,0,0,0,0,0,0,-Inf,0,0,0,0,1,1,4,4,4,4,4,4,4,4,4,4,4,4,4,4,4
6046.085145,49827.29301,27582.82087,19205.00478,28364.12607,1000,7973.056337,199846.2907,Inf,Inf,131279.599709,9395.199743,199846.2907,346583.003552,346583.003552,0,0,0,-Inf,0,0,0,0,0,0,0,0,0,0,2576.206791,0,0,0,0,0,0,0,-Inf,0,2576.206791,0,2576.206791,1,1,1,1,1,1,1,1,10,10,10,10,10,10,10,10,10
5113.613549,48439.07156,17593.97847,18692.21939,25683.20081,1000,18920.61068,197182.7835,Inf,Inf,115728.483604,20420.98964,197182.7835,339934.134144,339934.134144,0,0,0,-Inf,0,0,0,0,0,0,0,0,0,0,2802.139091,0,0,0,0,0,0,0,-Inf,0,2802.139091,0,2802.139091,1,1,1,1,1,1,1,1,1,1,1,1,1,1,1,1,1
3353.911798,46801.08323,10429.60183,18141.46434,11744.04928,1000,9.999998897,152100.8943,Inf,Inf,98095.29576,1009.999998897,152100.8943,258522.91863005,258522.91863005,0,0,0,-Inf,0,0,0,0,0,0,0,0,0,0,4482.574455,2107.021639,4806,0,0,0,0,0,-Inf,0,9802.199018,0,9802.199018,2,2,2,2,2,2,2,2,2,2,2,2,2,2,2,2,2
750.9999999,3393.24653,9.999999926,2500,3090,1000,9.999998897,20621.43509,Inf,Inf,10457.0611102,1009.999998897,20621.43509,33537.94505825,33537.94505825,56081.578,61907.805,24066.681034615,-Inf,3986.608363,0,0,0,0,1320,2040,0,0,0,4997.752456,5422.0084628,4806,0,0,1132.513182,1881,0,-Inf,5306.608363,13460.3689058,3013.513182,16942.3332478,2,2,2,5,5,5,5,5,5,11,11,11,11,11,11,11,11
8341.881804,61073.98523,73940,11415.05781,28292.09538,3241.837251,1299.724341,144161.3879,Inf,Inf,183063.020224,4541.561592,144161.3879,331765.969716,331765.969716,0,0,0,-Inf,0,0,0,0,0,0,0,0,0,0,0,0,0,0,0,0,0,0,-Inf,0,0,0,0,1,1,1,1,1,1,1,1,10,10,10,10,10,10,16,16,16
7733.419589,52661.69955,46873.92465,19164.20401,34713.9854,1000,9.999998897,183885.6556,Inf,Inf,162500.553126,1009.999998897,183885.6556,357815.194024897,357815.194024897,0,0,0,-Inf,0,0,0,0,0,0,0,0,0,0,2269.734456,296.0987595,267,0,0,0,0,0,-Inf,0,2269.734456,0,2269.73445600001,1,1,1,1,1,1,1,1,10,10,10,10,10,10,10,10,10
8341.881804,57007.33035,55988.56864,20523.18629,35864.14994,3276.975957,18446.943,200696.2271,Inf,Inf,177725.117024,21723.918957,200696.2271,400145.263081,400145.263081,0,0,0,-Inf,-Inf,-Inf,-Inf,-Inf,-Inf,-Inf,-Inf,-Inf,0,-Inf,-Inf,-Inf,-Inf,-Inf,-Inf,0,0,0,-Inf,0,-Inf,0,0,1,1,4,4,4,4,4,4,4,4,4,4,4,4,4,4,4
4249.118124,48596.87051,22736.17397,18716.68847,26895.74665,1000,9.999998897,191737.159,Inf,Inf,121463.058869,1009.999998897,191737.159,322892.15198305,322892.15198305,0,0,0,-Inf,0,0,0,0,0,0,0,0,0,0,2909.645634,204.6090111,267,0,0,0,0,0,-Inf,0,2909.645634,0,2909.645634,1,1,1,1,1,1,1,1,1,1,1,1,1,1,1,1,1
751,35548.26232,9.999999988,14921.41401,16094.33444,1000,9.999998897,98655.42845,Inf,Inf,67385.542199988,1009.999998897,98655.42845,173474.98056105,173474.98056105,0,0,0,-Inf,7710.512385,0,0,0,0,1320,0,0,0,0,5285.028735,4212.396902,4806,0,0,0,0,0,-Inf,9030.512385,12254.198202,0,14315.54112,2,2,2,2,2,7,7,7,7,7,7,7,7,7,7,7,7
5940.057479,49848.83852,28344.55084,18921.065,28540.66015,1000,10.00000015,199649.5179,Inf,Inf,131857.325963,1078.23899306,199649.5179,337333.92815606,337333.92815606,0,0,0,-Inf,0,0,0,0,0,0,0,0,0,0,2541.352342,0,191.32265876,0,0,0,0,0,-Inf,0,2541.352342,0,2541.352342,1,1,1,1,1,1,1,1,10,10,10,10,10,10,10,10,10
7619.673262,51554.087,35560.11248,18768.36521,30273.2293,1000,9.999998897,165643.1898,Inf,Inf,144061.363856,1009.999998897,165643.1898,319592.702454897,319592.702454897,0,0,0,-Inf,0,0,0,0,0,0,0,0,0,0,3115.743459,445.629271,4806,0,0,0,0,0,-Inf,0,7669.106773,0,7669.10677300001,1,1,1,1,1,1,1,1,10,10,10,10,10,10,10,10,10
8350,61260,73940,22097.34487,51107.52294,6964.551088,93102.86993,239958.39,Inf,Inf,216754.86781,100972.86993,239958.39,565307.965598,565307.965598,0,0,0,-Inf,0,0,0,0,0,0,0,0,0,0,0,0,0,0,0,0,0,0,-Inf,0,0,0,0,1,1,4,4,6,6,6,6,6,6,6,13,13,13,13,13,13
750.9999998,45957.12264,9.999999926,17171.18952,15256.0164,1000,9.999998897,135387.8157,Inf,Inf,85583.956663826,1009.999998897,135387.8157,240901.51491405,240901.51491405,0,0,0,-Inf,1833.971659,0,0,0,0,897.3151951,0,0,0,0,4595.350869,3100.941884,4806,0,0,0,0,0,-Inf,1833.971659,10726.366806,0,10726.366806,2,2,2,2,2,2,2,2,2,2,2,2,2,2,2,2,2
750.9999998,45347.71717,9.999999926,16804.81206,9231.634614,1000,9.999998897,124089.1981,Inf,Inf,72333.984686526,1009.999998897,124089.1981,204646.39262575,204646.39262575,0,0,0,-Inf,2200.529382,0,0,0,0,941.0853712,0,0,0,0,4723.563934,3813.140372,4806,0,0,0,0,0,-Inf,2200.529382,11546.274284,0,11546.274284,2,2,2,2,2,2,2,2,2,2,2,2,2,2,2,2,2
3014.417376,47552.43905,16531.499,17913.59916,16170.33022,1000,9.999998897,162453.6637,Inf,Inf,101446.750173,1009.999998897,162453.6637,273873.09444105,273873.09444105,0,0,0,-Inf,0,0,0,0,0,0,0,0,0,0,4371.401696,164.4701492,4650.8941116,0,0,0,0,0,-Inf,0,7209.1128726,0,7209.1128726,1,1,1,1,1,1,1,1,1,1,1,1,1,1,1,1,1
750.9999998,39422.60176,9.999999926,16987.10525,13910.18225,1000,9.999998897,83536.10051,Inf,Inf,71314.379339926,1009.999998897,83536.10051,155860.479848823,155860.479848823,17481.374151177,0,0,-Inf,4259.257472,0,0,0,0,1320,2040,0,0,0,4849.002981,3666.918033,4806,0,0,0,0,0,-Inf,5579.257472,11578.032662,0,13573.8556744,2,2,2,2,2,7,7,7,7,7,7,7,7,7,7,7,7
1554.069544,34816.52721,9.999999988,12572.28603,14407.44269,1000,44573.88398,133478.4568,Inf,Inf,67948.911799988,45573.88398,133478.4568,298713.061488,298713.061488,0,0,0,-Inf,0,0,0,0,0,0,0,0,0,1428.59913,3723.407221,949.5,267,0,0,0,0,0,-Inf,1428.59913,3723.407221,0,5152.006351,1,1,1,1,1,1,1,1,10,10,12,12,12,15,15,15,15
751,12214.85916,9.999999988,13505.42576,3025.959122,1000,4.524106202,112634.0694,Inf,Inf,31593.825860988,1004.524106202,112634.0694,147605.696846955,147605.696846955,16587.88973281,0,0,-Inf,4685.699188,0,0,0,0,1320,2340,0,0,15257,5929.974225,8600,5874,0,0,0,0,0,-Inf,23336.1543064,19448.525179,0,31211.2735344,2,2,2,2,2,7,7,9,9,9,9,9,9,9,9,9,9
751,19179.93958,9.999999988,15217.88889,3025.959145,1000,9.999998897,175549.5342,Inf,Inf,38248.828470988,1009.999998897,175549.5342,214808.362669885,214808.362669885,0,0,0,-Inf,772.651522,0,0,0,0,1018,2340,0,0,0,3824.525176,0,0,0,0,0,0,0,-Inf,4130.651522,3824.525176,0,7955.176698,2,2,2,2,2,2,2,2,2,2,2,2,2,2,2,2,18
1539.143885,32247.01073,29171.20168,17234.67527,8335.868164,6435.80055,12769.4436,214600.724,Inf,Inf,88527.899729,19205.24415,214600.724,322333.867879,322333.867879,0,0,0,-Inf,0,0,0,0,0,0,0,0,0,0,0,0,0,0,0,0,0,0,-Inf,0,0,0,0,1,1,1,1,1,1,1,1,1,1,1,1,1,1,1,1,1
751,5458.783456,9.999999936,15271.64338,3030.934385,1000,9.999998897,97504.55841,Inf,Inf,28086.905174988,1009.999998897,97504.55841,139956.46917205,139956.46917205,31547.942017103,0,0,-Inf,0,0,0,0,0,472.706392,2340,0,0,5456.04194,4684.525176,5159.9091876,4806,0,0,0,0,0,-Inf,5456.04194,12907.1872236,0,14701.0624522,2,2,2,2,2,7,7,7,7,7,7,7,7,7,7,7,7
7944.87074,54187.16518,28296.16175,20022.06479,17909.8277,2865.946422,50012.73238,245709.4179,Inf,Inf,128360.09016,52878.678802,245709.4179,426948.186862,426948.186862,0,0,0,-Inf,-Inf,-Inf,-Inf,-Inf,-Inf,-Inf,-Inf,-Inf,0,-Inf,-Inf,-Inf,-Inf,-Inf,-Inf,0,0,0,-Inf,0,-Inf,0,0,1,1,1,1,1,1,1,1,10,10,12,12,12,12,12,12,12
750.9999999,29007.82345,9.999999988,17326.78674,14852.62765,1000,3461.119641,203336.0647,Inf,Inf,61948.237839988,4976.459142,203336.0647,271837.508181988,271837.508181988,0,0,0,-Inf,3535.096824,0,0,0,0,0,0,0,0,0,4564.525176,0,0,0,0,0,0,0,-Inf,3535.096824,4564.525176,0,6961.76197599999,2,2,2,2,2,2,2,2,2,2,2,2,2,2,2,2,18
6659.528742,49691.56323,8176.572752,19236.75171,13606.3302,2336.201428,3624.932964,199299.3977,Inf,Inf,97370.746634,5961.134392,199299.3977,302631.278726,302631.278726,0,0,0,-Inf,-Inf,-Inf,-Inf,-Inf,-Inf,-Inf,-Inf,-Inf,0,-Inf,-Inf,-Inf,-Inf,-Inf,-Inf,0,0,0,-Inf,0,-Inf,0,0,1,1,1,1,1,1,1,1,1,1,1,1,1,1,1,1,1
5268.575995,47875.41404,13407.97641,18259.37558,16379.41164,1000,8493.043998,216790.7768,Inf,Inf,101306.500766,9493.043998,216790.7768,327590.321564,327590.321564,0,0,0,-Inf,0,0,0,0,0,0,0,0,0,0,2731.278035,0,0,0,0,0,0,0,-Inf,0,2731.278035,0,2731.278035,1,1,1,1,1,1,1,1,1,1,1,1,1,1,1,1,1
1581.852171,34816.52721,9.999999988,13380.05676,14407.44269,1000,44320.29826,143553.4238,Inf,Inf,67948.911799988,45517.020421,143553.4238,329608.085279988,329608.085279988,0,0,0,-Inf,0,0,0,0,0,0,0,0,0,1428.59913,3723.407221,0,0,0,0,0,0,0,-Inf,1428.59913,3723.407221,0,5152.006351,1,1,1,1,1,1,1,1,10,10,12,12,12,15,15,15,15
6629.033539,56266.15147,67211.34969,20563.72103,48262.19282,3955.24329,79824.76694,234746.4144,Inf,Inf,198932.448549,83780.01023,234746.4144,517458.873179,517458.873179,0,0,0,-Inf,0,0,0,0,0,0,0,0,0,0,0,0,0,0,0,0,0,0,-Inf,0,0,0,0,1,1,4,4,6,6,6,6,6,6,6,6,6,6,6,6,6
1152.686169,29865.99291,9.999999988,13505.42576,3090,1000,7.621144618,142188.6107,Inf,Inf,59888.307923988,1007.621144618,142188.6107,208022.33599605,208022.33599605,0,0,0,-Inf,0,0,0,0,0,0,2040,0,0,0,4584.525176,5848,5874,0,0,0,0,0,-Inf,2040,15044.968237,0,15155.3507107,2,2,2,2,2,2,2,2,2,2,2,2,2,2,2,2,18
751,12214.85916,9.999999988,15285.93285,3025.959122,1000,4.524106202,112634.0694,Inf,Inf,31593.825860988,1004.524106202,112634.0694,147605.696846955,147605.696846955,16587.88973281,0,0,-Inf,4685.699188,0,0,0,0,1320,2340,0,0,15257,5929.974225,8600,5874,0,0,0,0,0,-Inf,23336.1543064,19448.525179,0,31211.2735344,2,2,2,2,2,7,7,9,9,9,9,9,9,9,9,9,9
751,19179.93958,9.999999988,15217.88889,3025.959145,1000,9.999998897,170220.457,Inf,Inf,38248.828470988,1009.999998897,170220.457,214808.362669885,214808.362669885,0,0,0,-Inf,772.651522,0,0,0,0,1018,2340,0,0,0,3824.525176,0,0,0,0,0,0,0,-Inf,4130.651522,3824.525176,0,7955.176698,2,2,2,2,2,2,2,2,2,2,2,2,2,2,2,2,18
751,5458.783456,9.999999936,18101.60884,3030.934385,1000,9.999998897,97504.55841,Inf,Inf,28086.905174988,1009.999998897,97504.55841,139956.46917205,139956.46917205,31547.942017103,0,0,-Inf,0,0,0,0,0,472.706392,2340,0,0,4600.65736,4294.525176,5159.9091876,4806,0,0,0,0,0,-Inf,4600.65736,12907.1872236,0,14701.0624522,2,2,2,2,2,7,7,7,7,7,7,7,7,7,7,7,7
