"begin","end","dura_months","begin_month","end_month","min_flow","min_perc","max_deficit","cum_deficit","deficit_center_mass","perc_center_mass","prior_year_flow","dec_rate_to_max_deficit","inc_rate_from_max_deficit","dec_rate_to_min_perc","inc_rate_from_min_perc","data"
1905-02-14,1906-03-16,14,2,3,1.13267386368,0.0606908635868182,7.5835855827451,13.3412972395569,0.345337743094466,0.615142056901016,0,-1.90863950505974,0.738583210185729,-0.0390345194608048,0.271426293889285,"observed"
1908-02-15,1908-05-16,4,2,5,1.47795670276955,0.112983580514863,6.468267205686,6.89037731326018,0.962420085706765,0.691565820293643,140.325564353097,-1.65104754573896,13.6696921195587,-0.140126953931868,0.598216058668169,"observed"
1910-06-15,1910-09-15,4,6,9,2.0369251648512,0.231651450564768,3.8251551490521,6.7319618619095,0.200792369312076,0.485707524722649,129.965739458636,-12.5666883499271,1.01657423625698,-0.220338935720338,0.201115046511252,"observed"
1915-05-16,1915-08-16,4,5,8,2.12193660107148,0.14375007777271,5.7831822074925,7.14372248718381,0.168423806572693,0.489529296164021,112.938006200361,-7.53691686581442,1.49529315698733,-0.641815935738271,0.112091632889566,"observed"
1917-01-16,1917-05-16,5,1,5,1.38843892967226,0.309621984189047,2.8884697284587,3.64080432812267,0.924029137098935,0.599548627518371,94.0133397031681,-0.817639395752848,30.8461431942674,-0.137257910213963,0.651696700378168,"observed"
1918-04-15,1919-12-16,21,4,12,1.4158423296,0.0995258708847121,9.2497190611929,21.4654421967514,0.508960641271262,0.471515479512298,110.555271877151,-0.646906600315431,1.33349843218061,-0.0420357537645877,0.102407323453635,"observed"
1924-04-15,1925-01-16,10,4,1,1.44781296284903,0.0853473718899292,11.8341032601561,18.7796564129154,0.277769284620079,0.439031036677346,94.702918288983,-4.05641171244704,1.48451734035508,-0.132778809162445,0.0795293931230562,"observed"
1925-06-15,1925-08-16,3,6,8,2.73668620611716,0.326039026327996,4.8341787826137,5.78549495671739,0.105868626799544,0.401413348889153,51.5696026239815,-9.2140041616564,1.74660869269284,-0.419800242790481,0.117578059239257,"observed"
1926-06-15,1927-04-15,11,6,4,1.55834000922426,0.179761354040466,7.9358173793241,13.3081856080134,0.118948259454052,0.324235369271658,65.2211292424516,-11.5108962471555,0.926783600359964,-0.13198852328099,0.0572688615377323,"observed"
1928-04-15,1928-10-16,7,4,10,1.8047270227968,0.280870074155206,2.0506327626201,4.48491323183225,0.439211043154811,0.625222418190825,77.9895759735612,-0.876247150832587,0.41760838359632,-0.0978361001726061,0.126035566831083,"observed"
1929-11-15,1930-01-16,3,11,1,1.4158423296,0.376398267559206,0.0906117954661501,0.12777033613025,0.709177092355613,0.788421914093798,84.5997153604806,-0.0579091061751067,0.14174910169814,-0.0572309102331927,0.199366422031649,"observed"
1930-05-16,1930-07-16,3,5,7,4.39641879507406,0.27473150217882,3.438364620342,5.95083836800288,0.343252392466298,0.459756462965124,84.5997153604806,-5.90945939232792,1.31705118650839,-0.583684961550169,0.133211283785756,"observed"
1930-11-15,1932-04-15,18,11,4,0.9467265710592,0.014462039245865,13.4368367772633,31.6258112262157,0.423041443911807,0.471270303132644,62.776287070692,-1.80097780724766,1.84058457120295,-0.0879990071951472,0.0916702572734558,"observed"
1932-08-16,1937-10-16,63,8,10,0.9325681477632,0.00157649139874947,18.7424699337177,86.0690795588758,0.435967016218885,0.401955757524362,36.5623164927025,-0.867399839712421,0.464399855554283,-0.0271611644758157,0.0179027070457017,"observed"
1938-07-16,1938-09-15,3,7,9,2.2049384546304,0.403036133697279,0.8228655549777,1.06992636747871,0.136736172520401,0.308243860756027,59.9392130761728,-5.1435232755576,0.323002965956894,-0.23264161560239,0.0600930833401368,"observed"
1939-05-16,1941-09-15,29,5,9,1.076040170496,0.038503491324203,14.4911673653721,50.216329682305,0.380720302211953,0.419309194289664,72.7420510741917,-1.16412572409517,0.918028982591471,-0.0538052314813564,0.0357779522334798,"observed"
1942-03-16,1943-03-16,13,3,3,1.31471073462857,0.224501969730962,3.4493259803131,6.44942863137816,0.339668099348875,0.60995255198695,56.7625196118825,-1.17558583374589,0.793929773979184,-0.032392279837652,0.377155986053556,"observed"
1943-12-16,1944-04-15,5,12,4,1.36702018030345,0.0776819369650185,2.27480871683328,2.95383661560194,0.894084362629358,0.679816969984746,71.7335320111685,-0.480188798303276,4.76471294752608,-0.106086037328895,0.573125376619085,"observed"
1945-03-16,1945-06-15,4,3,6,1.71362594214813,0.0857442450621091,2.6281374291451,6.07470268040278,0.603101870451939,0.431568723647854,75.4983627343874,-0.9170260559356,1.85216374457995,-0.294389547685939,0.175962540991411,"observed"
1946-06-15,1946-09-15,4,6,9,2.0359812699648,0.303384121499245,3.4457094047193,5.72044147413226,0.182490372370582,0.475789201802994,62.1413568189852,-4.8760155048727,0.86667763865223,-0.143126122017215,0.0696390738964983,"observed"
1947-04-15,1947-06-15,3,4,6,4.4674544973312,0.469710243360691,0.14915743266048,0.244983885546179,0.391154106614234,0.0976232066977225,68.5570908321473,-0.34361852354975,0.21327606029529,-0.185447774913046,0.0280811127106769,"observed"
1948-04-15,1949-03-16,12,4,3,1.49074495606916,0.155724381645702,3.3437687569881,7.18882371481576,0.276983789937877,0.428769478724192,73.3312241726381,-1.18123684262097,0.566855982158202,-0.0839046219074071,0.0985371012317857,"observed"
1952-11-15,1953-05-16,7,11,5,1.4158423296,0.0242568555338131,9.59956237076269,10.9481211031565,0.962109088670989,0.71082754460359,101.690272000527,-1.43230483422613,19.6307841540626,-0.099698202131394,0.749073623767796,"observed"
1953-09-15,1956-02-15,30,9,2,1.13267386368,0.056728790429209,12.9176945897433,31.9020688209586,0.460401550575832,0.474555816258672,101.690272000527,-1.3464281055504,0.630521507632998,-0.0330385905279448,0.0571065421699569,"observed"
1956-07-16,1957-05-16,11,7,5,1.13267386368,0.0814964096365891,4.4614248843111,10.0983017125935,0.730625561309845,0.589079044865762,53.4781003376541,-0.841275458917363,20.8743199945614,-0.0945682570414245,0.132120413252421,"observed"
1957-11-15,1961-08-16,46,11,8,1.09522255044542,0.0244546887809798,15.1528376807385,72.6256312397974,0.679381319912327,0.607099863027088,80.4778264357303,-0.345275176452575,5.08799659054884,-0.0108363152602012,0.528215519053245,"observed"
1961-12-16,1962-05-16,6,12,5,1.27425809664,0.20174622839195,0.23219602842615,0.57736151205339,0.269389715197581,0.214293271027949,31.3315903124633,-0.137634276553025,1.65568137312537,-0.168064733401527,0.105846405663755,"observed"
1962-09-15,1964-04-15,20,9,4,0.99108963072,0.0129586749637559,2.42960747820288,13.6281163405313,0.565496676570188,0.554008409695856,31.3315903124633,-0.122822139600038,4.53221032325028,-0.0276091189188545,0.205363952814514,"observed"
1964-09-15,1965-04-15,8,9,4,1.27608498996852,0.117917614148123,0.50067182061111,1.60748837540079,0.654339479136934,0.577865299090687,56.9860378357535,-0.122074434316197,0.414223898502556,-0.0723441874009148,0.201598635779615,"observed"
1966-06-15,1966-09-15,4,6,9,1.9472551506432,0.171963062888406,9.1978048424409,12.3322120158093,0.120287838972729,0.412133390551352,97.3470658233919,-13.1702330092245,2.37412344456624,-0.555020089675195,0.122717544289805,"observed"
1967-02-14,1967-05-16,4,2,5,1.49573628962743,0.13022786096812,1.9183893710166,3.81581025624006,0.832405466572731,0.728420410217,62.5520815869498,-0.505585428759355,16.9852903732605,-0.16838212350843,0.363364723509099,"observed"
1968-03-16,1968-05-16,3,3,5,1.75655793536826,0.15210058417431,3.3872116071436,5.15646974746345,0.826484290302345,0.674461300307474,89.0238094146088,-1.13732831758515,19.3866807571507,-0.192492573511342,0.358510289011988,"observed"
1969-03-16,1970-05-16,15,3,5,1.53459039595355,0.0536303573296867,2.50228738445568,4.85836615768835,0.766614989989644,0.790633123993669,82.5796018140065,-0.190911426625283,4.31997138067779,-0.0485115563212628,0.31556986297123,"observed"
1972-07-16,1972-09-15,3,7,9,2.1464169716736,0.392463394059145,0.90964298808222,1.19695635025487,0.163485203650281,0.375575644294527,85.4016910834771,-8.49995259515172,0.524570196536507,-0.327973327799585,0.140123825801525,"observed"
1973-12-16,1975-05-16,18,12,5,1.4158423296,0.0299694251711752,6.5194202188845,10.6446612200918,0.928128577668139,0.725381283612869,72.0791062832413,-0.379842564194822,22.3395493404756,-0.0422626073790387,0.418442474153255,"observed"
1976-06-15,1980-03-16,46,6,3,0.815707871182452,0.000614634703752565,13.3949332607549,64.0086718430413,0.362152684839967,0.471957456726338,91.6906147760371,-1.3246499042849,0.39749044622551,-0.0542331485608369,0.0171045509129142,"observed"
1980-08-16,1981-09-15,14,8,9,1.3984868429791,0.195693433580202,3.7790802261103,8.81255013342007,0.71343429055846,0.616832338190902,55.3824539432993,-0.523161031179944,0.834005455004888,-0.0348750083216188,0.255325052636429,"observed"
1987-05-16,1993-04-15,72,5,4,0.956378657478194,0.00875717799135279,16.7206470870489,117.487951616669,0.45559780613757,0.522116932231137,127.464968905009,-0.294502801794704,2.25985382207721,-0.0117196264785487,0.0965695624480977,"observed"
1993-11-15,1994-09-15,11,11,9,1.08334774381006,0.058840072896719,10.9525054362585,15.2919168625051,0.688150172262157,0.47294266177417,94.2401466350129,-1.43642885559781,2.74063630654426,-0.354691428651337,0.0447051950776832,"observed"
1995-01-16,1995-05-16,5,1,5,1.45055330284181,0.200128080412136,4.6961806770254,5.07397169612142,0.973122953849643,0.789907192569379,51.4773498355805,-0.940954695427686,22.0312610912885,-0.0618086733845332,0.684839392457105,"observed"
1999-11-15,2004-12-16,62,11,12,0.92705701955551,0.0103196187204604,15.1037551466457,93.3264514685782,0.517073413318788,0.538750860683686,86.3961321935057,-0.766194383467179,0.354984678694198,-0.0245066026073817,0.01818670738785,"observed"
2005-10-16,2006-01-16,4,10,1,1.45694742949161,0.374169463810402,0.21000951150124,0.28536034620528,0.233866136442326,0.38949768039768,82.3291472854344,-0.25442823394078,0.068447066776165,-0.147134680815219,0.0549393379761704,"observed"
2007-06-15,2008-05-16,12,6,5,1.08152085048155,0.0414745635876644,14.3127712318425,23.0591564983697,0.190237862460979,0.480831248378855,73.72714479751,-14.5793462817312,2.15719310496,-0.475719599339202,0.0634107768708177,"observed"
2008-10-16,2009-02-14,5,10,2,1.38770817234085,0.265143923766735,0.39662666500916,0.8818679996086,0.265552573384438,0.3629835121755,74.8582915478575,-0.56224149086246,0.102013007355748,-0.312462999659454,0.065647750397821,"observed"
2009-10-16,2011-04-15,19,10,4,1.160990710272,0.0323858942887715,9.12822389200553,13.7354686889045,0.375028718405611,0.315910323186667,79.8874941299694,-1.20376855823539,0.823091565051869,-0.0853013718470954,0.0429500354742157,"observed"
2012-05-16,2014-07-16,27,5,7,1.23056924761234,0.0272028325682447,15.2510027489241,56.7933700856409,0.362748591547881,0.408575332524457,124.256234559072,-7.89544429166781,0.621125622324007,-0.288085160473301,0.0288581855419207,"observed"
2015-05-16,2016-01-16,9,5,1,1.39665994965058,0.147481314726305,8.4417450384345,16.8980420992791,0.125711482690362,0.401441163149043,59.9396767590986,-4.28599024607421,1.07491432876662,-0.378440494379376,0.063347871254584,"observed"
2016-05-16,2016-09-15,5,5,9,2.07713508701184,0.267928588204894,2.0554063706553,4.22084150186757,0.281271801723227,0.461166459766133,53.5484831430336,-2.16704709510714,NA,-0.0847752217199898,0.103990125136493,"observed"
1981-06-15,1981-08-15,3,6,8,2.79076831256646,0.279690504408607,2.9108894855381,4.95518750795527,0.228437829151402,0.474996333403267,0,-3.1842157006335,0.990436138669463,-0.118968336553862,0.124604273126367,"base"
1987-05-15,1991-05-15,49,5,5,1.18025085240768,0.0341284514192047,14.4334566720189,73.6815245646721,0.409975686906775,0.453942598854503,120.328237676502,-8.90598588475211,0.454394340025191,-0.018078141410446,0.681280835372458,"base"
1992-05-15,1993-04-15,12,5,4,1.21886250209869,0.0250618368761916,15.4142115811798,26.6343860147891,0.194705021552308,0.510022987773318,62.679255212365,-7.95432923557583,2.42130993291916,-0.285032856726431,0.083050690250175,"base"
1994-06-15,1995-05-15,12,6,5,1.4083430706946,0.0775603819156263,12.5318196045084,18.2156515830649,0.150205116071398,0.326858879214854,93.1969032363588,-14.3327930944488,2.88146300995142,-0.534055415337689,0.0708812767557216,"base"
2000-03-15,2005-04-15,62,3,4,1.1496563802812,0.0155730117779332,16.2593202807666,116.154212798104,0.456759722364826,0.504203206787532,84.664609825815,-1.02512887491849,0.40360789209753,-0.0427498492495111,0.0137719732770933,"base"
2007-06-15,2007-08-15,3,6,8,2.8394183331804,0.0381310192697146,14.5140559010089,17.43141909584,0.0885848618959526,0.267580448495733,77.2603368681754,-16.4325543434892,5.0906732647617,-0.580327511205768,0.252940897181185,"base"
2007-12-15,2008-05-15,6,12,5,1.30532067522373,0.0209057377876298,4.4026302722609,8.04559913118667,0.883913618528624,0.683659861611975,60.2306745718941,-0.747730524944603,16.00795153866,-0.110382502190508,0.391031663468332,"base"
2010-03-15,2010-05-15,3,3,5,1.57312189085693,0.0323786791027125,9.12860329279187,11.0341189979115,0.904425961635834,0.649595308320821,84.1275315260516,-3.07330771678593,18.9621120511267,-0.200017483606497,0.736987093501411,"base"
1981-06-15,1981-09-15,4,6,9,2.19169473909177,0.0905840768461658,11.9958188144004,15.1604741257745,0.0797309042715703,0.25111850321075,0,-15.8393159238378,3.12153392977395,-0.630241553117986,0.164601680868045,"CTN5"
1987-05-15,1991-10-15,54,5,10,1.1592849681004,0.00301198744388384,18.231244100845,91.0348609477966,0.339491767859306,0.41157976136471,112.387087856681,-12.2132435148345,0.351384785380668,-0.493160802010179,0.0149046050950715,"CTN5"
1992-05-15,1993-02-15,10,5,2,1.1408445591838,0.00205241735200404,18.5475655269122,31.7044661695438,0.139907586845939,0.477752972981625,60.8376789766924,-10.7110063541605,2.14231189719284,-0.443715970718669,0.101652452059652,"CTN5"
1994-05-15,1995-01-15,9,5,1,1.36830612139691,0.0077857397439969,17.2383784784542,22.3059946368704,0.154073853870923,0.377816404460831,89.5016371728826,-12.12677175931,2.21583481959724,-0.493295462072572,0.1181723709326,"CTN5"
1996-06-15,1996-10-15,5,6,10,1.95901836306275,0.252257150221608,4.3682195022589,6.57585900769033,0.095721533628735,0.254941302910491,97.4738919576052,-20.4496617543143,1.04769768245223,-0.36476318382001,0.175624240712281,"CTN5"
1999-06-15,1999-10-15,5,6,10,2.01489505943869,0.313714177402298,2.5669229459626,4.13574770392665,0.0985094818626491,0.202536210841895,85.2852106247017,-14.9566478017037,0.515547438866668,-0.319918815972888,0.0489660949259178,"CTN5"
2000-05-15,2005-02-15,58,5,2,1.12719387409261,0.00270395958684174,18.3244417884785,131.631402584519,0.465854211303388,0.490585478924304,80.8928465813148,-1.47407072564843,0.428704683439083,-0.0601182413092571,0.0213090079685267,"CTN5"
2005-07-15,2005-10-15,4,7,10,1.89717344639849,0.417559167681996,0.35080663064258,0.48880047559937,0.28231119208217,0.670637833643757,36.3089220844645,-1.61275114074898,0.136219190664028,-0.0311523568405249,0.244222043523666,"CTN5"
2007-05-15,2008-10-15,18,5,10,1.27895124438477,0.00288015035224826,18.2703296640465,28.4020354915759,0.138177666019454,0.35422203811821,74.4972380756946,-11.2538855592932,1.09858597102137,-0.47613990971308,0.0469127016446329,"CTN5"
2010-03-15,2010-07-15,5,3,7,1.68966362493268,0.174641154108924,5.167167032016,6.49983177936696,0.589116027566631,0.567536122300081,76.9117432555609,-1.72461682276467,1.84772633531213,-0.111805742358296,0.152302558877425,"CTN5"
1981-05-15,1981-09-15,5,5,9,2.06510119698161,0.00569987534836013,17.6022995223338,26.3006518789848,0.247333575151124,0.369758922059891,0,-15.1960211610113,4.47269987094896,-0.497130030550361,0.163026404046232,"HDN5"
1985-06-15,1985-08-15,3,6,8,2.97909538407095,0.00988909373146682,16.9294637030844,19.4773503192084,0.0662093671532355,0.202706798192823,75.1941646164487,-19.179259916406,5.6691328312845,-0.627515377127877,0.175757368750492,"HDN5"
1986-06-15,1986-08-15,3,6,8,3.00637988074027,0.239790688080012,6.2794472771423,8.43666885128982,0.128084708334677,0.26932852844221,65.2149595057971,-18.143047624238,2.18094079274554,-0.353747884317595,0.190426517929104,"HDN5"
1987-05-15,1992-01-15,57,5,1,1.05748879674607,0.000619791721050399,19.3106018324379,140.349274773802,0.373539403099904,0.416387309111722,103.210081076887,-12.6670145187682,0.347378694941063,-0.493607243040843,0.012478243917839,"HDN5"
1992-05-15,1993-02-15,10,5,2,1.02007845476061,0.000187080691421701,19.8301537183767,40.5732430082556,0.135566359773126,0.494782664831463,48.4789924003407,-11.2900094186644,2.47994831452985,-0.440193154832018,0.111084273034161,"HDN5"
1994-05-15,1995-01-15,9,5,1,1.34447273950442,0.00160973564322456,18.7276718286945,29.7954531679248,0.133920166310398,0.370373036105342,74.3841871418387,-13.7570554943592,2.44927721970359,-0.498532163526262,0.124477051984652,"HDN5"
1995-06-15,1995-10-15,5,6,10,2.00717674384413,0.483474027911273,0.3329620756274,0.48314944000934,0.121162826407738,0.477669273422967,48.0962036199163,-6.3070603648754,0.19620229441423,-0.0654766441720291,0.419624120109681,"HDN5"
1996-06-15,1996-10-15,5,6,10,1.8946957113518,0.0836261863761619,12.277342251842,15.1724826781076,0.0579141550491956,0.224565619372907,79.5648010436372,-21.0121124776689,2.61588141436379,-0.808885088380071,0.171734753567233,"HDN5"
1999-06-15,1999-11-15,6,6,11,1.71823878222125,0.130376278534434,10.5405513684757,13.0922344934436,0.0522215591409875,0.266741805906369,69.9810364536654,-18.3625930604031,1.76339285027296,-0.7391351103648,0.0686270579937708,"HDN5"
2000-05-15,2004-12-15,56,5,12,1.03583008604298,0.00020544495025293,19.7961786682862,176.459877327781,0.474750114499622,0.491186762996965,69.5855318171269,-0.460991877613811,2.84691541459403,-0.0182593773740945,0.0955698986447004,"HDN5"
2005-06-15,2005-10-15,5,6,10,1.72424369316544,0.127337910288809,10.6444676263174,13.7260878715832,0.0815995487007277,0.346498851435738,28.6136429229736,-14.1181046172341,2.13081659826271,-0.575321161277621,0.0762361568205449,"HDN5"
2006-06-15,2006-08-15,3,6,8,2.92290403728872,0.0255739343474985,15.3744655766119,18.2150781799937,0.0803752633400517,0.236072566346568,62.1653789309623,-22.0731028293818,5.46680320518833,-0.810324322530294,0.278941853790823,"HDN5"
2007-05-15,2008-10-15,18,5,10,1.20461157846134,0.000701104761129244,19.2450799575501,40.3190517040632,0.185482758899043,0.375344746168299,62.0696765925975,-12.0123243864253,1.14240664190243,-0.48436168660566,0.0380622291041485,"HDN5"
2009-06-15,2010-09-15,16,6,9,1.45008591537594,0.061845266193064,13.2399513395914,33.3746204387588,0.418831094176513,0.485892901355792,60.7054809512662,-16.8174073629135,NA,-0.645988003948231,0.0199778224369105,"HDN5"
1981-06-15,1981-08-15,3,6,8,2.66616411912386,0.0288923131180348,15.1273440374079,18.3734585941997,0.0977041220660961,0.320235676192929,0,-17.9683934428193,5.04431320778878,-0.640999150407856,0.157936035621028,"HWN5"
1987-05-15,1989-02-15,22,5,2,1.25341619393909,0.00219488811059317,18.49516029386,52.4194838994331,0.30730409425824,0.517807839668536,135.432908964428,-14.3098864910232,0.987521818406305,-0.49869015948994,0.0475058997448261,"HWN5"
1989-06-15,1991-01-15,20,6,1,1.39285971018382,0.0611173963456551,13.2748000144287,29.3831844551282,0.295044756589085,0.389935025764519,48.3682214689145,-15.8293570118679,0.671997882431391,-0.593250333834438,0.033274069626886,"HWN5"
1992-05-15,1993-02-15,10,5,2,1.23328605506764,0.00123775416746502,18.9067316738562,32.2207014128849,0.125983637949067,0.438783902140712,73.4133486533877,-12.8652411530245,2.49995739284377,-0.496110406793378,0.110973565034233,"HWN5"
1994-06-15,1995-01-15,8,6,1,1.46329555634761,0.00596542701302025,17.5517027343126,21.2758897924404,0.033485069938606,0.199852607612052,105.468095563303,-18.4941039245465,2.34339234244433,-0.553882330473025,0.124239881336324,"HWN5"
1996-06-15,1996-10-15,5,6,10,2.00991010054656,0.225053722162296,6.696464560645,9.09265728231271,0.0705544913822599,0.178586997380326,109.471443108178,-25.2296100360712,1.53749295276448,-0.382781717790638,0.186521122135407,"HWN5"
1999-06-15,1999-10-15,5,6,10,2.02266253216566,0.270438584768677,4.6363013384518,6.5490782303285,0.0744490713370106,0.160447830203821,93.0635140219546,-22.660253943525,0.930357839672398,-0.359382672023219,0.0608166306195759,"HWN5"
2000-05-15,2002-08-15,28,5,8,1.27418367929399,0.00377832654505829,18.0237058340106,69.2787811888605,0.508014961642695,0.539595492342273,93.3824495010863,-1.82115226574227,1.23655771089192,-0.0708799622798914,0.0479412824948891,"HWN5"
2003-05-15,2004-09-15,17,5,9,1.36440033964382,0.0024050425134667,18.4218152595526,52.5263579087932,0.493887971045671,0.513959288861771,46.8285061381879,-1.91318081664631,4.71666694699327,-0.0711220397422285,0.181906593774591,"HWN5"
2005-06-15,2005-10-15,5,6,10,1.89563959588905,0.339395485890244,3.2276987532962,4.72969677759975,0.10265702065757,0.347648278937631,44.9894159601831,-16.1281599119553,0.691026867952742,-0.309798001166435,0.0868123111810746,"HWN5"
2007-05-15,2008-02-15,10,5,2,1.3487399223997,0.00205636322393886,18.5460822093077,26.9255753697216,0.119588435778581,0.357814969030977,88.3275458289769,-13.5633753063472,2.0694779651235,-0.498184650774229,0.0626519973088372,"HWN5"
1981-06-15,1981-09-15,4,6,9,2.13675962798603,0.119639266228689,10.9122853135254,14.0536698833439,0.0884347378586195,0.283820726676316,0,-13.0213229395736,2.77991974471818,-0.509778619413906,0.124164089944167,"WDN5"
1982-01-15,1982-04-15,4,1,4,1.46626490199656,0.444437394676622,0.0879140574765795,0.19300506131897,0.679681198143893,0.427457742669669,62.2654833625877,-0.106652648457547,7.21695862910648,-0.119352106794732,0.202532943954523,"WDN5"
1984-03-15,1984-07-15,5,3,7,1.69492387746799,0.318207111336845,0.87527341296129,1.8064477696222,0.59130399159727,0.413577268375978,90.2959797447549,-0.53179926220767,0.471236223457547,-0.217383123228225,0.121044282508263,"WDN5"
1987-05-15,1993-07-15,75,5,7,1.04184988762067,0.00171999876751744,18.6800011327652,146.366964635004,0.406972321595902,0.452640963527569,104.444286062463,-0.348117620280011,1.37206532230582,-0.0143507201995099,0.0483919184931946,"WDN5"
1994-05-15,1995-01-15,9,5,1,1.31431719226858,0.0106119229586497,16.8328929230561,22.7224302860697,0.162152771394425,0.44952021670248,76.8373292823745,-10.2843980881396,2.10602608971066,-0.463111025134277,0.0640479795331106,"WDN5"
1996-06-15,1996-10-15,5,6,10,1.90713348891083,0.257294784508572,4.3902666498502,6.63960478190194,0.103415155927779,0.304955021821001,84.7907150877473,-15.9894091605358,0.975076028044966,-0.343284536098448,0.145775664232834,"WDN5"
1999-04-15,1999-11-15,8,4,11,1.79101487350112,0.335557953891095,2.4018531635019,3.94942025571295,0.346059601869195,0.477539798379926,72.6024626985962,-0.95207412104781,0.41490400065734,-0.119703800785401,0.0511233782750965,"WDN5"
2000-03-15,2005-10-15,68,3,10,1.01629022094261,0.002319884833902,18.4510049315098,157.127939684953,0.427047002894179,0.470632983431438,71.9550392405573,-1.1563521234519,0.348373208539802,-0.0357943043162635,0.0096036041748462,"WDN5"
2006-02-15,2006-07-15,6,2,7,1.45597509032854,0.143243436471025,10.1104275380933,12.8223834762017,0.81934745505012,0.638468415641517,67.57688297219,-2.03727145480223,5.08951697634207,-0.0914262067624964,0.190997360339516,"WDN5"
2007-05-15,2008-10-15,18,5,10,1.20314386646734,0.00352353423028563,18.0893800535335,32.0811571104736,0.213127015314666,0.413347828454305,63.0438790611254,-10.0026969171781,1.06824283108109,-0.400333604711615,0.032836883419618,"WDN5"
2009-06-15,2010-07-15,14,6,7,1.46565249303124,0.0549155374082782,8.148258394794,16.3812868132392,0.592950194658278,0.653139882329645,60.7447503219093,-1.10292857032448,2.75344769011658,-0.0601229638671372,0.162025990452314,"WDN5"
1981-06-15,1981-08-15,3,6,8,2.8209533513414,0.24257863845284,4.9952843773383,7.31471853184042,0.171493656051155,0.393374064720202,0,-13.1236499981274,1.7123616402966,-0.317531182734181,0.162101584904142,"WWN5"
1987-06-15,1989-02-15,21,6,2,1.27405305772548,0.0176081493051293,16.0565877084591,34.8102208230798,0.294709329101679,0.540326004445418,152.089508041381,-17.7642727354201,0.777792009886666,-0.588532032201091,0.0330940655023492,"WWN5"
1989-06-15,1989-10-15,5,6,10,2.01780541287497,0.390641502510241,0.92455823939183,1.40600739196504,0.176742625784464,0.277189609596265,54.3875057359376,-2.95243541006682,0.254036119694538,-0.190660522087391,0.0471980690545488,"WWN5"
1991-03-15,1991-05-15,3,3,5,1.50352915061697,0.269660180926493,1.496038020231,2.18420983909558,0.779920531988509,0.341292152571242,77.0074529030389,-0.503712030223743,16.4027703024525,-0.253010115890419,0.195037479000408,"WWN5"
1992-06-15,1993-02-15,9,6,2,1.31911991489678,0.0191646014177552,15.9108222094299,19.7690942534768,0.0479671535741508,0.387400804497546,80.582060530864,-17.0412260240465,1.78029284534437,-0.552270556469376,0.0636589797637549,"WWN5"
1994-06-15,1995-01-15,8,6,1,1.45863507106723,0.068314410669298,12.9388294302787,16.1162892756898,0.0350372231220576,0.173318118567408,121.371420385116,-21.2197425353583,1.65014820170314,-0.81321785612248,0.0947245187691871,"WWN5"
2000-06-15,2001-02-15,9,6,2,1.36956430205363,0.103647929831189,11.4924416613698,14.6760077798329,0.044458998984811,0.333877222948722,106.051001071169,-18.2755284378453,1.29157720544689,-0.73499299834813,0.0560133621623057,"WWN5"
2001-06-15,2002-08-15,15,6,8,1.3052515086506,0.024120302807119,15.488531976057,33.4484840753586,0.380624389117106,0.46684876453083,63.4081874569345,-20.1304180198036,1.08336320463731,-0.733364313023208,0.0515964546126308,"WWN5"
2003-06-15,2004-09-15,16,6,9,1.42182887226258,0.0731888718783076,12.7211412030686,27.1539047494902,0.476973041367161,0.483213046205284,54.6165431857904,-1.23256485165505,3.30419187638922,-0.0477537899217687,0.169488712000813,"WWN5"
2007-06-15,2007-08-15,3,6,8,2.8848433718745,0.0312038167180146,14.9646415990203,17.8254988003167,0.0837673242060705,0.250062037611398,101.881223811147,-20.918534438851,5.32877618845366,-0.778915662194912,0.276769384898568,"WWN5"
2008-02-15,2008-04-15,3,2,4,1.41879137098747,0.107624800590538,2.04141783863173,2.48492115682811,0.893155321633078,0.659379023444067,76.164003966432,-0.68073976697313,7.71964379184513,-0.131154571091528,0.692211366918458,"WWN5"
2010-03-15,2010-05-15,3,3,5,1.70332064095961,0.390155146830501,1.6625670115156,1.73600318113562,0.957698136490752,0.635823348434557,107.073043937984,-0.596559698769843,17.671161034094,-0.0965775584439481,0.479080445802675,"WWN5"
1429-10-15,1429-12-15,3,10,12,1.51677923637046,0.305523909022101,0.32585288098241,0.5939403181745,0.294194612189862,0.381206538819788,NA,NA,0.149850782393593,NA,0.117879682356336,"paleo"
1430-10-15,1430-12-15,3,10,12,1.557768473431,0.439866527016298,0.10095813712663,0.19695902068795,0.346245355939604,0.445687539847011,83.9427425250865,-0.77554812542625,0.0506870016955299,-0.332514153338926,0.0428146117995415,"paleo"
1432-05-15,1433-04-15,12,5,4,1.48535968027772,0.161191169126366,3.1998742781617,9.647644530136,0.290900140598123,0.482737515885118,75.9930882792851,-1.84013028043675,0.363241832853646,-0.0359471827046202,0.389530856065591,"paleo"
1433-10-15,1433-12-15,3,10,12,1.43468077793519,0.192863253941326,0.51138981664221,1.03745514085787,0.332324936973755,0.422228803009247,72.2010700687715,-0.68656733285609,0.225266112675197,-0.194527337412528,0.256378085096483,"paleo"
1434-04-15,1435-05-15,14,4,5,1.40424649908979,0.131666768508602,3.4945304811395,9.78999829445949,0.419830872705614,0.45082361810529,72.2010700687715,-1.76806467925439,0.592679646501277,-0.403304896294435,0.0357764338459148,"paleo"
1436-08-15,1440-04-15,45,8,4,0.861207841686008,0.0119404610589005,7.1007994630785,57.4316384839465,0.51871450784553,0.540083650032428,65.8375185555593,-0.324360686212474,0.778361313406596,-0.0182234119712334,0.0490350800529687,"paleo"
1444-02-15,1446-06-15,29,2,6,1.04163958524565,0.0434373790594405,4.2708994146583,20.698925372143,0.436976008115787,0.432670113476506,88.7602181639899,-0.278021306573172,0.380375755963143,-0.0614784416639508,0.0298982929196092,"paleo"
1448-06-15,1448-09-15,4,6,9,2.15674366621364,0.14573819457829,10.0287385422326,13.1340992563549,0.0972679995328058,0.311611690037011,73.4534997478517,-13.4227678256258,2.63655096962506,-0.552914023460825,0.15353158422351,"paleo"
1449-10-15,1450-07-15,10,10,7,1.4507334132418,0.335211355362865,0.79351111941912,1.21182401981566,0.496940162363213,0.336481179241424,74.0769277121849,-0.137892991773911,0.284956453008652,-0.0350227453016185,0.0716607668071861,"paleo"
1456-02-15,1457-03-15,14,2,3,1.19409335344587,0.0306842852329413,12.6741270948593,30.6712043701339,0.323097728162957,0.481102622148781,87.2392450417294,-2.55308356789562,1.33394823621897,-0.147261563464802,0.0540877504733901,"paleo"
1458-04-15,1462-02-15,47,4,2,0.96670112503167,0.00971955204406224,9.4559098926224,66.0879911591298,0.480919551878862,0.584454000493002,66.0353758609622,-0.636589511702659,0.288328627925929,-0.0128930684615813,0.134901449553515,"paleo"
1464-05-15,1465-12-15,20,5,12,1.39514100091681,0.0530877450018606,8.21640110099039,18.1689484711151,0.551926549539355,0.548695102665242,110.986963795313,-1.04363211216016,1.04398244128411,-0.0712882550277141,0.0774831096048529,"paleo"
1471-05-15,1473-09-15,29,5,9,1.33972362951087,0.190340774759474,3.8372672584814,21.6799999377237,0.389536190171421,0.441342378975207,80.5873363734268,-2.92278331130305,0.137890236022565,-0.0215125166824038,0.323511013016413,"paleo"
1474-01-15,1476-03-15,27,1,3,0.998919177610958,0.0137388656360851,7.6294472840887,45.2553319969205,0.463786275858204,0.525360137475709,60.5976944267177,-0.459110654405425,0.711415867089457,-0.0287547605349987,0.105016566985047,"paleo"
1477-01-15,1477-04-15,4,1,4,1.50036670634154,0.298743140613883,0.96963865346206,0.97768228464379,0.993106667012888,0.958175908612438,71.1753503952206,-0.26422446567099,11.484721553251,-0.0730296215172508,0.628971067456175,"paleo"
1479-03-15,1480-05-15,15,3,5,1.23889411747752,0.0984721576697414,5.5135732912456,19.6969033828507,0.403316797022244,0.456234842257609,97.8642245650582,-1.87364640373463,0.948425684779654,-0.277812290122556,0.0430962609745058,"paleo"
1481-01-15,1481-04-15,4,1,4,1.36719183000413,0.25520311846173,1.1853331738971,1.64047965161237,0.825257902268319,0.530942216717099,66.8003373475119,-0.301939742495667,6.9332000570405,-0.0671630503644091,0.547269338115434,"paleo"
1481-10-15,1481-12-15,3,10,12,1.33139378383891,0.216352490423676,0.33028071333453,0.85758964755001,0.503628345303782,0.583895163367389,74.9173583685346,-0.257059353547185,0.182024100341405,-0.184725769847058,0.164540002698539,"paleo"
1493-05-15,1493-09-15,5,5,9,2.17499813777965,0.463180475753264,0.0754747770851303,0.200156983641488,0.548750788823644,0.843047536534438,75.6951895218841,-0.61238940074094,0.41530339122348,-0.0867651334724547,0.219508913731622,"paleo"
1495-02-15,1498-05-15,40,2,5,0.750246367383584,0.00507399793936735,11.3256571361771,57.7878196713547,0.395089026145481,0.492203081432339,94.6768571047211,-0.708727226958853,1.01067971619655,-0.0570943159228664,0.026122295370005,"paleo"
1498-10-15,1501-09-15,36,10,9,0.507480614717061,0.000135761522553157,14.5179727301414,89.8324974181173,0.455545398294412,0.453105037875342,74.2380115046713,-0.695980158550111,0.921251424590473,-0.0364158674907161,0.028356841293345,"paleo"
1502-01-15,1502-07-15,7,1,7,1.43177701621633,0.209008102956735,4.6547626580684,6.77559530849214,0.740719140282989,0.467836925032162,54.2565267731227,-0.794851198019308,2.44353123521198,-0.102174885229038,0.0936016275063833,"paleo"
1503-03-15,1503-09-15,7,3,9,1.73274593808012,0.238324207392667,7.2495349036939,10.5638158479237,0.497437114792175,0.471989581632955,72.1646968607197,-1.83108994706012,2.03988149609247,-0.0928080211187658,0.160696992030253,"paleo"
1504-03-15,1508-04-15,50,3,4,0.626603114773436,0.000726124301504525,13.7158303468248,92.3200527726593,0.418400598642033,0.502933049478208,62.4946016854274,-0.495336804451923,0.784535084790567,-0.0474745386109854,0.0206329691137471,"paleo"
1510-05-15,1511-09-15,17,5,9,1.40024055368138,0.0496060450677411,13.8571516340332,36.2919386301091,0.347144323381746,0.412068433094447,92.67254408111,-7.38461597718315,0.904372324170269,-0.308817122192816,0.0466124975451448,"paleo"
1512-06-15,1512-09-15,4,6,9,2.16600462242551,0.311096813714003,5.2401693925454,6.43496134621611,0.0838417510316714,0.325513418679785,53.2184941544695,-11.0742370802037,1.4863622524423,-0.49460275094262,0.12872926457134,"paleo"
1513-06-15,1513-08-15,3,6,8,2.88043736032722,0.449256647288437,0.43781424078134,0.9476565610604,0.368112900029187,0.658723360404417,68.8907923420399,-2.99497962662817,0.252220011150535,-0.172870078168468,0.0412882618202195,"paleo"
1515-02-15,1516-01-15,12,2,1,1.21823896330355,0.0617433466347458,7.7994618453748,14.5224087561137,0.408913840168495,0.562289970365136,87.4780348303752,-1.59270688849311,0.975742562586996,-0.0643507896305471,0.149335782652629,"paleo"
1517-06-15,1519-04-15,23,6,4,1.06209432005595,0.0260887745946952,11.1303159738232,34.1361387002795,0.506149441162108,0.575514934270863,75.0022089382511,-0.901592909358169,1.34166050009425,-0.0284291747515547,0.114039993979873,"paleo"
1519-10-15,1520-09-15,12,10,9,1.29946129296071,0.0848940934247722,12.2252573304979,19.3429397065519,0.72552592770557,0.637367778927768,88.5150503780168,-1.43241934209927,3.10561686203252,-0.0761106877074,0.131502705734959,"paleo"
1522-06-15,1523-02-15,9,6,2,1.4124268545296,0.163938058952845,8.0164211893317,12.3267349929428,0.080924456083183,0.345294451221538,82.4813015809963,-10.8195399303871,0.901581718818736,-0.251961058527281,0.0521246321271679,"paleo"
1528-07-15,1528-10-15,4,7,10,1.72924646615433,0.317153583228004,0.82591608452706,1.13183690972801,0.270287019774311,0.65260076128554,102.681240276127,-3.95552554774136,0.264452049073693,-0.0709198664470211,0.372732036000026,"paleo"
1529-03-15,1530-09-15,19,3,9,1.05704670959136,0.0354124141237704,8.6280547502763,41.7211047286023,0.449746017466961,0.501132285221721,78.0464219517409,-2.1596775565198,0.546970103713428,-0.0369697791276983,0.0764814660702107,"paleo"
1531-01-15,1534-09-15,45,1,9,0.929235308248878,0.0088923845995046,14.9567867668728,75.8689130527211,0.440501477752321,0.48436942568832,45.6730328010986,-0.835393130146084,0.554856830263745,-0.0338199519154712,0.0267053566763798,"paleo"
1539-10-15,1540-05-15,8,10,5,1.4064786703769,0.164726867730624,4.2726787613338,6.90055136022511,0.862593540664381,0.566062341413767,67.7240300104192,-0.570433482563865,8.8314725852173,-0.066792990793138,0.23883356689939,"paleo"
1540-09-15,1546-04-15,68,9,4,0.784576407179902,0.0032573263385909,10.6003695403709,93.9292713776138,0.567449324951128,0.57493601599424,67.7240300104192,-0.186655729178546,1.04563399846202,-0.0105066016279503,0.0395756280552179,"paleo"
1546-10-15,1547-09-15,12,10,9,1.26864561337038,0.0742484150855434,6.8384426411008,15.0791479531327,0.649568704555669,0.452338380144478,78.0504754241693,-0.793189556265611,1.83423799394216,-0.0802862144044577,0.113009830717626,"paleo"
1554-07-15,1554-12-15,6,7,12,1.50824844047595,0.318411384960557,0.646565786133991,1.36070560045298,0.295005535622939,0.577676743128375,102.349009152879,-0.663055272236992,0.124609519080513,-0.0364302964574103,0.156726865106511,"paleo"
1558-05-15,1558-12-15,8,5,12,1.53353348766307,0.268047354201103,0.39144006653478,1.05045010804819,0.512200580036799,0.761385146035378,103.533916596244,-0.56366076833044,0.167217037751337,-0.104870404513778,0.124983096951536,"paleo"
1560-10-15,1560-12-15,3,10,12,1.52257959104158,0.346484398823484,0.18228839537566,0.42962299392765,0.375811926260283,0.459921026631322,94.1448294309299,-1.20333232508369,0.10818940914934,-0.257446553600073,0.167166399638237,"paleo"
1566-10-15,1567-10-15,13,10,10,1.39880504225655,0.218682344703515,3.4383228727274,6.85604681333027,0.514865889747936,0.276282752500429,78.5653786389963,-0.529236631638211,0.626630945361616,-0.294339808199112,0.0443428704107659,"paleo"
1568-07-15,1569-09-15,15,7,9,1.34077160399717,0.260968138926656,6.4561662847804,10.9347118741145,0.768564039989988,0.686509003953302,58.7110552713065,-0.570101112726742,1.63439441701669,-0.0252096436379467,0.0476923644022502,"paleo"
1570-01-15,1572-05-15,29,1,5,1.354520733529,0.144890045847836,6.792892198942,19.5513514775456,0.402897576207024,0.374404827201405,57.0162979762698,-1.1473039363762,0.316550677704679,-0.11241407989699,0.0147002418443921,"paleo"
1573-10-15,1576-09-15,36,10,9,1.273983899128,0.187272054862795,7.3593264321392,37.1921095898895,0.533740719704128,0.552661487474365,76.9900545220567,-0.855146844642603,0.283097673636526,-0.046415575851325,0.0219156357893747,"paleo"
1579-04-15,1581-04-15,25,4,4,0.909362107687236,0.00280689854492459,10.4646662393839,56.4071424805366,0.469266754243742,0.56305265731088,84.1048899545256,-0.719823847904564,1.15135309143214,-0.057304525584871,0.0485996368925204,"paleo"
1582-01-15,1582-09-15,9,1,9,1.40974480393817,0.125928220586058,1.9151920267209,2.34980708355785,0.39111321925607,0.303788395388087,73.8359282483168,-0.486376713792492,0.39543560624496,-0.101562716919851,0.101573070040203,"paleo"
1583-03-15,1588-09-15,67,3,9,0.522461184457854,0.000426050228159872,13.1064288742402,93.7202468175875,0.384850392394456,0.440874459536945,75.6165953455224,-0.487969773454825,0.324093369674185,-0.0300285494064118,0.0125423858069942,"paleo"
1589-10-15,1595-04-15,67,10,4,0.796420643091935,0.0038268396707497,11.8882642627855,87.1572029644153,0.398534567934689,0.467542917879851,83.0207465233251,-0.379417545273252,0.423530249022179,-0.0191376334842917,0.0192511834468493,"paleo"
1597-09-15,1599-01-15,17,9,1,1.23647433362009,0.0212283735571704,9.80396877848699,15.9892193816352,0.478664793731745,0.388489223695923,93.1568632930235,-1.09163686724319,1.10263884331844,-0.0540505085661279,0.072133422545931,"paleo"
1599-09-15,1601-02-15,18,9,2,0.967204538293281,0.00242671896615829,12.3168408601474,34.7273420960579,0.493197127575354,0.46990273242018,49.8905062209156,-1.42488945540694,1.26714671581869,-0.0744710345849291,0.0758397789049621,"paleo"
1607-02-15,1607-08-15,7,2,8,1.49466901843723,0.194527505909425,6.7878413576592,14.8434931064487,0.59598616508876,0.514625125862047,96.9972971643861,-1.41832561242774,2.33218792368594,-0.159985760742321,0.100586038664653,"paleo"
1611-10-15,1611-12-15,3,10,12,1.42215730717376,0.311952747344079,0.17600257514315,0.23801776734735,0.775456907242938,0.851275200607033,112.873493293196,-0.797419513193307,0.36556788665935,-0.223483718240769,0.420483725213112,"paleo"
1612-10-15,1612-12-15,3,10,12,1.50687737621226,0.401484259584189,0.10354936372204,0.19784791725225,0.468999275332906,0.613035659770537,74.334058338525,-0.99445946511453,0.10115268381088,-0.143477655548601,0.341536547007269,"paleo"
1613-10-15,1613-12-15,3,10,12,1.47617372396559,0.368547020099152,0.194392514256,0.38052977428108,0.404861116266822,0.524587508508502,67.5010073086269,-0.87048192113365,0.15325041892165,-0.134764674676057,0.435262338717237,"paleo"
1619-10-15,1619-12-15,3,10,12,1.51188857414221,0.406890543558843,0.13347936363556,0.32288798815014,0.426897163732662,0.525235705122411,78.9908100500818,-1.93042597444807,0.156947515381953,-0.184940105842929,0.451385001816665,"paleo"
1620-04-15,1620-06-15,3,4,6,4.29016523974273,0.433062322437658,0.432510319962098,0.974794745358249,0.443265515315689,0.209762882068628,78.9908100500818,-0.352343159828569,1.46109225938218,-0.276305197662347,0.100491528299805,"paleo"
1620-10-15,1620-12-15,3,10,12,1.14746426815104,0.0892737300275406,0.45069561416587,1.1518117952379,0.585155040886464,0.639586961121444,69.7594702172402,-0.596470904938407,0.46648092936161,-0.275549171560585,0.432084344829301,"paleo"
1622-05-15,1622-12-15,8,5,12,1.56339145231137,0.186830321359395,5.569649240146,11.4562203735532,0.119037794762033,0.389732676624858,80.8010931368131,-4.675298952008,0.809499828830077,-0.751888503624394,0.0549755288495587,"paleo"
1624-10-15,1624-12-15,3,10,12,1.35471036910262,0.126398710634914,0.68045692225266,1.15836564822931,0.283158363425164,0.388731040974403,76.1404461420575,-1.0348459020254,0.274508775571533,-0.532084533778144,0.185107425612865,"paleo"
1625-10-15,1626-05-15,8,10,5,1.37078444859553,0.0552687013633184,8.1352625235791,11.003928752386,0.876062697455937,0.51886821076415,77.1350038493246,-1.10119317484615,11.4744545299906,-0.0896272003451231,0.551845357182591,"paleo"
1626-10-15,1627-09-15,12,10,9,1.33823040858928,0.201848954449302,1.4640278459417,3.34447835480471,0.590935498290457,0.442528896203868,58.9598183818913,-0.249479928824651,0.252511738859943,-0.0609801279926001,0.0546468481397737,"paleo"
1628-01-15,1628-04-15,4,1,4,1.46502335916145,0.309680738555207,0.91649312141683,0.98869433590259,0.937347270999056,0.701299569631501,62.6943479815193,-0.269448348847007,6.51769266886583,-0.0881405199104509,0.487209129767848,"paleo"
1628-10-15,1633-03-15,54,10,3,0.524801388011739,9.62374573506706e-05,18.2838386998927,116.202820664869,0.619377880849927,0.577584637521767,80.3272821826994,-0.420979714531139,1.93067588871017,-0.0187279713163305,0.048916603294323,"paleo"
1633-10-15,1640-04-15,79,10,4,0.551315059101608,0.000627124300195952,11.2521501213093,173.519991506789,0.492807358005443,0.515545098841945,78.9413950073399,-0.255657122624257,0.478531797894015,-0.0100870895490822,0.0416950030479391,"paleo"
1640-10-15,1640-12-15,3,10,12,1.55594999384025,0.367014275885341,0.14848420596876,0.31916226414397,0.364867669344864,0.438745478259842,83.6186656331445,-0.47221853863237,0.20898255779724,-0.220225736349653,0.220130863956455,"paleo"
1641-10-15,1642-05-15,8,10,5,1.06101328400115,0.0501820871789685,1.10186803346701,4.34474162966585,0.543084357240735,0.341514538688038,94.7513541526155,-0.377087422371131,14.2174600931846,-0.296513908653511,0.15141076387844,"paleo"
1642-10-15,1643-05-15,8,10,5,1.44482489286156,0.062747191058864,3.0215104956483,6.56041773617047,0.794985096805338,0.472174063943575,101.598410043488,-0.573898673763239,13.9632538528521,-0.125740763125605,0.364069546307102,"paleo"
1643-10-15,1647-09-15,48,10,9,0.877765369889301,0.00851944032076192,12.9103410412317,79.7341212712169,0.536072154493703,0.543405098992356,74.5987749004651,-0.653506072936386,0.503218211064619,-0.0267867536376966,0.0485525656858351,"paleo"
1648-04-15,1648-09-15,6,4,9,2.09213448213652,0.209045013334861,4.7156653036273,8.26874042862613,0.47580030178149,0.583065594744859,63.5312197938571,-1.64450756448423,1.21603748712968,-0.115746814672099,0.125184947475664,"paleo"
1649-01-15,1649-09-15,9,1,9,1.4645009062708,0.214087602334547,1.39819152602269,2.07566829487881,0.523855609818445,0.561419540002755,70.0009245260155,-0.372141184749362,0.401626334991178,-0.0949748816328407,0.114755173908464,"paleo"
1651-03-15,1654-10-15,44,3,10,0.834822783460604,0.00559280157758706,15.4620607949688,97.6995334423806,0.512488435406637,0.503635907152879,86.1960503442929,-0.556078095482095,0.92117553575086,-0.0259805911891673,0.0329556357969523,"paleo"
1655-02-15,1662-05-15,88,2,5,0.989430875542849,0.0127940247684434,13.5117235313516,118.856623913057,0.623018075340933,0.614865505568182,49.9845842072886,-0.176099446740822,1.29255604843922,-0.0204207991832394,0.0089207664250651,"paleo"
1662-09-15,1663-05-15,9,9,5,1.54010223658154,0.113890206407786,3.1669319575206,5.69343646050999,0.873154384409247,0.63946698231727,35.4898424910812,-0.355752923370822,12.204521419629,-0.0498727267251879,0.319476329309775,"paleo"
1663-09-15,1664-10-15,14,9,10,1.37816914211297,0.326398137829548,0.35763011600023,1.61550820440043,0.515155480903131,0.446644564311887,60.0157532753039,-0.0496556512936925,0.0595985105338286,-0.0376455693540471,0.022575049561407,"paleo"
1665-02-15,1665-07-15,6,2,7,1.44011763452621,0.0731057132663959,2.31458118296175,2.91593404216149,0.458984874444479,0.343239456329064,65.9772427579534,-0.77461558099287,0.659723292502237,-0.146484277091256,0.135369707313695,"paleo"
1667-05-15,1669-09-15,29,5,9,1.24467799141125,0.0730090762868067,9.0436652193228,33.7868050051,0.330946797487102,0.360051536871954,77.8115892646558,-5.12068105828492,0.333596864443423,-0.212840355609366,0.0218154391839271,"paleo"
1670-05-15,1672-03-15,23,5,3,1.24105682552536,0.0700794622750068,11.4565987587747,44.6822095395106,0.331609766594245,0.442402147908216,56.5748238647187,-7.27401353041055,0.577199582741239,-0.0641207764224888,0.0589009357292309,"paleo"
1678-06-15,1678-08-15,3,6,8,2.8588958673843,0.429889265630386,1.9965188369254,2.56142867979409,0.139841648919571,0.462425110221242,110.441341481725,-8.099023203763,0.73432926312854,-0.385605934842794,0.0553287515925741,"paleo"
1684-10-15,1687-03-15,30,10,3,1.07980388933837,0.0147872644258,11.2024483406125,46.0505354951426,0.446720405419067,0.460641854325678,71.4080633801739,-0.545092541638869,1.19674306324548,-0.0747162189410479,0.0273051249575152,"paleo"
1690-01-15,1690-09-15,9,1,9,1.45256941312202,0.233392330197877,7.3891419315189,11.0622644493323,0.650743600361366,0.636561410698789,83.8552701904583,-1.26553930238666,1.89555342462846,-0.0778222638047581,0.0938277673423705,"paleo"
1694-10-15,1695-08-15,11,10,8,1.34461395624293,0.0856587306994196,2.20848439765907,5.06137922698946,0.533763033412459,0.329757045459213,76.955656892332,-0.385132784677941,0.465471994671606,-0.0891282210943338,0.0941172222596428,"paleo"
1703-06-15,1705-05-15,24,6,5,1.37415125307398,0.168461680946112,6.981689720816,23.0029625268853,0.366391764236607,0.460738131765677,124.033933735646,-8.3512375188426,0.62690571800015,-0.0347930351636519,0.0433017482902539,"paleo"
1705-10-15,1711-09-15,72,10,9,1.09964151525148,0.0235536851079373,11.4485807502528,110.556777680144,0.422590729087683,0.473442957286678,74.322654708632,-0.347903559470962,0.287484384526985,-0.0245969414915765,0.00954779960495615,"paleo"
1712-03-15,1713-01-15,11,3,1,1.5023988993638,0.0521351481997616,2.7086090248365,6.34922073229821,0.238588125492168,0.236323658335997,65.0065903319141,-0.69648969141162,0.341393154312519,-0.280479890491836,0.0481626453489312,"paleo"
1713-05-15,1714-01-15,9,5,1,1.48252254330089,0.29186605981019,3.1661948846901,4.75011907487873,0.138462969993464,0.387799499761574,62.6366445746571,-3.90550017976751,0.355380225764226,-0.34656364829748,0.0284724429293491,"paleo"
1714-05-15,1716-09-15,29,5,9,1.36240656628679,0.14083556596232,5.8445436269245,23.0130320793774,0.415057794765613,0.422989319696327,64.3647894724763,-0.533621220605247,0.36518926479784,-0.0426829720169569,0.0325311892204539,"paleo"
1717-04-15,1720-03-15,36,4,3,1.20486394744333,0.0338407959031483,8.08425932284,31.5570581895104,0.369359430068599,0.432947509727576,64.700928390526,-0.546390751136404,0.410087381916426,-0.558086987718542,0.0177093863163408,"paleo"
1721-03-15,1723-05-15,27,3,5,1.06273734491548,0.0331892023388976,13.5807435985158,50.5787316799178,0.283982009483675,0.394909574178781,78.8201146755293,-3.41402878294026,1.01129579050727,-0.288567164317299,0.0289601646299346,"paleo"
1724-10-15,1725-04-15,7,10,4,1.46468420981814,0.160330446582508,1.69952924594547,1.9094985833219,0.913119433645653,0.758087486401457,79.9997436362609,-0.348266663999104,19.4512902433828,-0.0901465106825271,0.828038780097333,"paleo"
1728-10-15,1730-04-15,19,10,4,1.11515579677733,0.0100926476755505,11.8707431156675,35.7039821506576,0.435133168522355,0.464045507655923,97.6409853530601,-1.40588178140085,1.58320055985438,-0.0992018076894838,0.0653838768070591,"paleo"
1735-03-15,1737-09-15,31,3,9,0.979583931437374,0.01044779645773,14.7909895380532,80.5421401632397,0.368715030510669,0.436649589630697,102.482080322802,-3.7167485695933,0.551837088688635,-0.120152740743929,0.029673877357494,"paleo"
1739-04-15,1739-07-15,4,4,7,4.11834794825146,0.397120851344607,0.49826398174022,0.943691664319111,0.472005528310218,0.334216950522622,81.5525956492406,-1.19809559894413,0.14013530129318,-0.510764268182622,0.0314518765259621,"paleo"
1740-06-15,1740-09-15,4,6,9,2.16906291976036,0.403175427012038,0.5401244933141,1.22829112460317,0.351802606451322,0.592214456786777,77.995727711231,-0.898639690657801,0.525679210454127,-0.0586653266472521,0.252134897784726,"paleo"
1743-04-15,1743-09-15,6,4,9,2.14456397500501,0.255488334615792,1.1838930349936,1.54737177028992,0.168318190962539,0.213505420367289,95.5169791335577,-1.69018484694031,0.287720913314725,-0.583027757488968,0.0856801114012581,"paleo"
1744-02-15,1745-07-15,18,2,7,1.28501018905553,0.113629056033659,6.0331537122565,14.4839517094668,0.318653692649675,0.441683568580726,84.1153185837681,-1.20880298682413,0.443688646612091,-0.0668476947493871,0.0346936704083681,"paleo"
1748-06-15,1748-08-15,3,6,8,2.93300711534476,0.23551282439531,7.3290410961695,9.12392656256704,0.102601285919721,0.264691109493847,122.053157964348,-14.58862581438,2.65773255242482,-0.617935477185105,0.175792268902693,"paleo"
1750-03-15,1752-02-15,24,3,2,1.34503357839533,0.184598104888993,5.5316651576449,22.205853631823,0.457026887187451,0.512900935396695,79.1973216915091,-0.34908565272708,0.656050565397938,-0.0263252233344722,0.0586689888241855,"paleo"
1754-10-15,1754-12-15,3,10,12,1.53629365878539,0.420840543542543,0.13255157403287,0.27078227036585,0.36947935991923,0.470968737394274,93.5364011944062,-0.50419310512463,0.0850866764892599,-0.244556213258066,0.0790490403186298,"paleo"
1755-05-15,1760-04-15,60,5,4,0.830520866059405,0.00979647756890833,14.8257925646958,99.7817903517122,0.373487519367609,0.447945298959545,93.5364011944062,-1.15270536655413,0.353658019320302,-0.042251750778645,0.0136712780502082,"paleo"
1763-05-15,1764-04-15,12,5,4,1.31333988595264,0.193155525434825,1.38559819192355,3.88076034676268,0.300561786737528,0.503798329230461,96.3178609287698,-0.516526356001237,0.162704992129375,-0.0484845510269356,0.0537376905827334,"paleo"
1765-04-15,1766-02-15,11,4,2,1.34459786909094,0.203479670824886,5.3681917862017,14.1474295465557,0.225361182866395,0.46570267111327,80.6121617153306,-1.89389747422207,0.599900963607077,-0.133120858002452,0.0403222547568431,"paleo"
1766-10-15,1766-12-15,3,10,12,1.46581732305595,0.200076378415297,0.35247882869725,0.66418392042631,0.464603198179685,0.531900470637533,94.3168108832515,-0.61819009959249,0.380490065113625,-0.315061738084511,0.349990965696915,"paleo"
1770-05-15,1770-10-15,6,5,10,1.97917771480928,0.0332835801298782,9.0814694690716,17.7222313919877,0.13576112603735,0.300688825153836,100.323420319234,-10.4001326470743,1.51705837404533,-0.695723708188475,0.0808621101764057,"paleo"
1772-05-15,1775-04-15,36,5,4,1.08560818435486,0.0433941931404026,7.1302687277598,47.3931662312287,0.364964267054805,0.476830188022097,87.3663657800594,-0.358278819982587,1.59624110579936,-0.0358565187710462,0.0588579816782371,"paleo"
1776-10-15,1779-09-15,36,10,9,1.06968873075059,0.0169282065720489,16.1226787624802,70.7752320557702,0.444761341260085,0.448233253261267,79.7319671227773,-1.83934264582392,0.581410099135461,-0.0746391760747445,0.020436464385168,"paleo"
1780-01-15,1780-09-15,9,1,9,1.38092807219338,0.109073065343605,8.5853943416158,17.6884091596217,0.648392873194904,0.707897915864909,55.3162084899389,-1.47763310594961,2.29482800173022,-0.0725081045229976,0.679617006699384,"paleo"
1781-06-15,1784-04-15,35,6,4,0.9764635566678,0.01901033808972,10.4899862155035,62.5609547024678,0.439061684959228,0.485118742687708,52.4292271308811,-0.883132299814423,0.850127454420665,-0.0271914440305248,0.0550563319116827,"paleo"
1788-03-15,1789-03-15,13,3,3,1.29888719872508,0.0223365115840329,2.92634890876086,5.70288381075974,0.255168148130644,0.489187194051571,96.5570785779842,-1.49386756373828,0.499236674409834,-0.2840872943958,0.0733036942563804,"paleo"
1793-04-15,1797-04-15,49,4,4,0.727437731054907,0.00163962880125027,17.4814509853158,91.0129751744241,0.499548276716143,0.54446460140857,139.302165527451,-0.65271233882748,0.912159810348677,-0.0255794531845477,0.0270096197118846,"paleo"
1798-01-15,1799-04-15,16,1,4,1.21403416693915,0.0623778130584372,13.2145850712655,25.8784136503066,0.376422886086335,0.519500767193,76.390770779005,-2.25456469803731,1.56357674546829,-0.120436607247735,0.0604717701435633,"paleo"
1800-02-15,1801-09-15,20,2,9,1.23452776592125,0.0313507132736818,14.9545357391636,39.2999642515808,0.399889481717331,0.415924847792836,73.9151367969755,-3.02177700525184,0.978473469579027,-0.132626230400521,0.0495838179268694,"paleo"
1803-03-15,1809-04-15,74,3,4,1.0105680071151,0.0179054254998392,13.6513331035316,85.4522570859621,0.442089572329346,0.499000914824976,88.8332768680159,-0.863249027307094,0.297216673014453,-0.0502412031875656,0.0115555071442788,"paleo"
1809-10-15,1809-12-15,3,10,12,1.20829893970026,0.126151643602778,0.53587736913532,1.35777866902201,0.44622966546387,0.531563250932351,71.5836928174694,-0.9895468378343,0.22117582318388,-0.1903117036942,0.537676468831173,"paleo"
1812-10-15,1815-04-15,31,10,4,1.13892566495538,0.0576059101722176,7.7818068040928,36.5024525698608,0.516067251265069,0.593586381547468,84.2644702296583,-1.04326633930378,0.585963394674358,-0.0219047863099992,0.764203036451358,"paleo"
1817-12-15,1818-09-15,10,12,9,1.39891377984195,0.237216788094862,5.3145562127967,12.0290186793455,0.65309802218298,0.627082632341405,76.2227394689655,-0.772430452464024,1.34882865766316,-0.0571583135704197,0.0619068327921073,"paleo"
1819-01-15,1819-04-15,4,1,4,1.49957792986229,0.470289405728915,0.14633094491532,0.15320714011918,0.955118311075378,0.760549465496837,55.6539479598517,-0.038875164640095,13.7162662587587,-0.00987412788567196,0.494966519227136,"paleo"
1822-05-15,1822-09-15,5,5,9,1.77861513278945,0.104523069727232,11.4597498813084,21.0386711406732,0.264990325760228,0.456170278307262,93.0509795328209,-6.89901893113831,2.86882078072991,-0.371096640961389,0.101146059461834,"paleo"
1823-01-15,1826-02-15,38,1,2,0.864394877189224,0.00843839949141422,13.6625189941317,65.2224835085003,0.481078711114408,0.489156444628147,49.9835879062039,-0.759780186562672,0.655615799108787,-0.0210825024521681,0.0385713263214266,"paleo"
1829-10-15,1830-05-15,8,10,5,1.04700501329323,0.0452359492662399,7.7866926562767,10.2981166736024,0.818220640527024,0.419765431463297,62.090692121323,-1.00850989959027,13.9899983950814,-0.194357999486369,0.106869114735664,"paleo"
1831-02-15,1832-05-15,16,2,5,0.704077065198735,0.000993534812239119,1.14128559477432,5.57020465046949,0.54090444707449,0.610860332581183,67.3054457129732,-0.127851040544747,3.18221288572305,-0.0465192114156921,0.157026487955321,"paleo"
1833-03-15,1833-06-15,4,3,6,1.76759544594117,0.125213348561908,6.1852940888815,9.99821508765515,0.705654016992045,0.578231927475533,103.27929487935,-2.14283979025934,3.62812594593235,-0.227880773128352,0.243954707933415,"paleo"
1833-10-15,1835-06-15,21,10,6,1.19652926039213,0.0246539915257914,11.6865821359185,25.8504458889097,0.414639232739036,0.417864450608207,58.6142160379375,-1.33938306983555,0.948035553292909,-0.091319553014774,0.0363204822905515,"paleo"
1835-10-15,1836-07-15,10,10,7,1.4062014533863,0.346313965655965,0.25656860410373,1.02251064270459,0.461224082144714,0.280994279912823,69.2733538002959,-0.68985759892391,0.0482875027885969,-0.343083805376002,0.0235029203986887,"paleo"
1842-05-15,1843-02-15,10,5,2,1.28795473848371,0.216696714932913,3.1870671787585,7.30988287730022,0.220604696695157,0.573364445737005,73.6922432673791,-2.01179614402835,0.366072466954257,-0.04868088106197,0.18602050882139,"paleo"
1845-01-15,1848-04-15,40,1,4,0.906121285030071,0.0118104266627116,10.773623402766,70.8738146730507,0.362996766708461,0.440651749472404,76.5078671985647,-1.80274783891603,0.508044480321329,-0.0485021442696896,0.0277985983279261,"paleo"
1848-11-15,1849-04-15,6,11,4,1.45536278844709,0.117018912334679,1.97540996063705,2.30912807849395,0.874543951592662,0.604326623457341,80.0145035065998,-0.329741598420643,12.8466479585592,-0.0641278422560768,0.81639717570924,"paleo"
1850-10-15,1852-04-15,19,10,4,1.32006795022991,0.0480910522591757,4.7680754941626,14.0724325299791,0.527346947075157,0.53365801750057,94.3441092540557,-0.686516673694996,0.852066288181558,-0.0389010691011118,0.743185859242609,"paleo"
1855-05-15,1858-04-15,36,5,4,1.1771823668854,0.0225911450748074,8.6760374883622,38.32933495034,0.475769283309229,0.522515598715037,113.948894842289,-0.42473476970562,0.803830210612755,-0.0688938153411999,0.0195257454725916,"paleo"
1858-10-15,1859-04-15,7,10,4,1.37232307668435,0.00923122125288313,3.24428885330733,3.80236990070092,0.912562192865251,0.724343700994643,80.7696942328427,-0.503351901135293,6.87566772731783,-0.0883059725565295,0.70126649994042,"paleo"
1859-10-15,1860-09-15,12,10,9,1.51882643538484,0.379255895752562,1.9857925096727,2.80729208777503,0.647917634146651,0.417250876646885,74.2340071212089,-0.302076150863798,0.675279357014552,-0.0586467146880497,0.0749766150131244,"paleo"
1861-06-15,1862-01-15,8,6,1,1.45623062275261,0.330693585567519,3.6080307330758,5.54751852743671,0.0864677793053007,0.392971045732149,63.8977300918153,-4.988525100324,0.464644395994483,-0.12797236466689,0.0465342920066832,"paleo"
1863-06-15,1864-09-15,16,6,9,1.24084963487035,0.162466807986134,8.3357316180618,29.8244957136961,0.512320452132241,0.523845595504425,91.7786375711903,-0.770579053568185,2.10838585330781,-0.0294764669468231,0.196972002185439,"paleo"
1865-01-15,1865-08-15,8,1,8,1.43553711812519,0.109657917959958,2.02689354498777,4.90687946411684,0.61305640531776,0.449761195969489,46.0152812578109,-0.533881610354655,0.44882131904747,-0.125613546725736,0.0981911806594791,"paleo"
1871-01-15,1872-03-15,15,1,3,1.15240091001283,0.0941432751429528,9.032978226982,21.1471855883973,0.397187748148446,0.566372645554536,73.8018293793209,-1.51896394163442,0.917507838702376,-0.0377084789626224,0.144704180472296,"paleo"
1872-07-15,1872-09-15,3,7,9,2.04122132255976,0.396782143402741,0.20925159230502,0.411549621956921,0.701835718800526,0.792611361478332,47.6395419198583,-0.30999748315804,0.783729831883071,-0.0425111956679151,0.384828827020005,"paleo"
1876-10-15,1877-04-15,7,10,4,1.50138052546333,0.0945021608633555,2.1387767324135,2.49992264792494,0.874278195717563,0.689626706848174,84.9183482666339,-0.412381884193087,5.3990307188222,-0.0999420685618757,0.59734040114854,"paleo"
1877-10-15,1880-07-15,34,10,7,0.874371670842114,0.00565221055040405,9.96822691600463,40.7799496495915,0.500781416898629,0.483515163998315,83.5278836447301,-0.541986601092774,0.672525625107117,-0.058676891489036,0.0256221257582439,"paleo"
1881-02-15,1881-04-15,3,2,4,1.47394435379445,0.072289203299579,2.32182380853829,2.47512293316292,0.962498018851743,0.826187956860187,75.293332436263,-0.77798830714846,8.33104988998599,-0.148051502601968,0.739845519285941,"paleo"
1881-10-15,1884-04-15,31,10,4,1.08216423076785,0.0138563487135821,4.5523524354374,24.8245324987673,0.40154185153603,0.422067134214555,82.1651991169422,-0.619621131111184,0.649131804535617,-0.0949309086167659,0.0368770051223014,"paleo"
1886-04-15,1890-04-15,49,4,4,0.865724301322669,0.00759821692707552,16.8200356727849,74.8318609717189,0.62074863130292,0.620330309018587,107.443012530078,-0.43452207758877,2.61513805111782,-0.0165536274923659,0.0671944518100313,"paleo"
1890-10-15,1891-04-15,7,10,4,1.41846596611511,0.144118709989437,1.79823337902779,2.49486023458133,0.781015198308699,0.534002726196545,85.5788571039757,-0.337146959831881,3.44536424929409,-0.0845246972494076,0.458446716871109,"paleo"
1892-04-15,1894-03-15,24,4,3,1.26441838472369,0.114387234664852,6.3833077421191,24.1197710238877,0.467200079224766,0.557207596115863,83.1950126654888,-0.466405089268023,0.59213081540587,-0.0388221805845193,0.0342928374868967,"paleo"
1894-07-15,1895-01-15,7,7,1,1.36686527002602,0.242457587685769,0.90876626622748,1.94784016157909,0.352361892775648,0.628932722566818,48.192890843971,-4.70441545223778,0.130781873441896,-0.0756232677545387,0.0892119892092141,"paleo"
1895-10-15,1896-05-15,8,10,5,1.52578369953641,0.0589755062398122,2.44726039467568,4.33212098753999,0.825188236101095,0.590196456114228,80.8317158034231,-0.403649253156789,3.01278318277509,-0.0870086452081521,0.277613622477685,"paleo"
1899-10-15,1903-05-15,44,10,5,1.12283267633315,0.0281954665362745,9.35926292946045,63.2007648727406,0.452360473056407,0.502444620708547,74.7518392679534,-1.22376659196828,0.303232586422134,-0.0825351792067394,0.0144129974640422,"paleo"
1903-09-15,1904-06-15,10,9,6,1.27493116953979,0.175418969851282,2.325428400598,3.39766774698313,0.721172961381053,0.391082019686091,51.0620495195041,-0.267565236122045,1.49005589334651,-0.0887332618296217,0.0565416262010199,"paleo"
1904-10-15,1905-05-15,8,10,5,1.26657466324916,0.156954004587371,5.5127158841676,7.5003218313653,0.848844213313366,0.473853002610234,65.2793915192251,-0.731537203985275,9.1436750327884,-0.0619410474946807,0.458798540107313,"paleo"
1905-10-15,1906-05-15,8,10,5,1.04100440716122,0.0432279183489842,0.743776220553798,2.52028369617005,0.434304733767615,0.258668232412108,63.8926264389093,-0.134047659113266,13.5512758579808,-0.201588771797059,0.130026672236926,"paleo"
1915-07-15,1915-09-15,3,7,9,2.15124737880393,0.439208230480424,0.16154511719161,0.263870278327521,0.6821461507432,0.719652427631329,129.992841030991,-3.1966325928139,0.452867160580245,-0.123983876333562,0.199291124078548,"paleo"
1918-07-15,1918-09-15,3,7,9,2.24163791086895,0.424572597774151,0.34461983844712,0.553416501905691,0.196625567456866,0.351463171412834,118.690795431472,-10.5138926248582,0.404352657335264,-0.175746812008986,0.223340998191209,"paleo"
1919-06-15,1920-04-15,11,6,4,1.37775181231639,0.161534044788843,5.0668556462225,10.9549559655446,0.206854876351281,0.402369315668114,93.5468540940061,-10.7712299793214,1.26234827600976,-0.213098346774906,0.0814353607682547,"paleo"
1924-04-15,1925-02-15,11,4,2,1.41851202418319,0.0610550838071415,2.42665264014717,6.44006910765441,0.17818917064137,0.356569976056402,100.698788641984,-2.4367553568399,0.23616451181156,-0.447498296313311,0.0524405964743124,"paleo"
1925-07-15,1926-09-15,15,7,9,1.4292393865567,0.208120073874084,3.111376886745,10.6993479588565,0.703096372328749,0.597831404516791,61.1718744333436,-0.347178633475225,1.01078813942973,-0.0818142518835512,0.0564922985880853,"paleo"
1927-06-15,1927-09-15,4,6,9,1.93248073110758,0.341398032428986,1.619461300006,3.41032869802856,0.278095260104962,0.612230437134262,54.9863563958165,-7.262164897531,0.557431268738802,-0.152361121291241,0.226556740365732,"paleo"
1930-05-15,1937-06-15,86,5,6,0.514310065828154,0.000143925564236848,18.065940588934,147.488807370386,0.454883003776936,0.494693948370962,84.8444680286694,-0.373740765581797,0.510781137912147,-0.0126067722998834,0.0155093028532814,"paleo"
1939-01-15,1941-04-15,28,1,4,1.24578586061018,0.0505007287439579,12.3316920217011,39.1324400086727,0.412621419273249,0.485778514925069,71.580016756804,-2.06484713095863,0.647507345563387,-0.0182113010067632,0.604219408390709,"paleo"
1944-10-15,1945-05-15,8,10,5,1.49913667598571,0.325688793579979,2.6402374223406,3.74776428104642,0.868813117692853,0.553581636594513,88.4376618973419,-0.332648479881171,12.3398787088292,-0.0230497368158872,0.440961204125195,"paleo"
1946-07-15,1946-12-15,6,7,12,1.58046885398551,0.379490700851411,1.0156291200554,1.43592121709791,0.0846015843689639,0.208147438539752,73.8013408527145,-2.6277803722121,0.209001040607178,-0.174034072292361,0.0667610258502858,"paleo"
1948-06-15,1948-12-15,7,6,12,1.51877969237826,0.250479220763137,3.4962457651,6.13778235058074,0.141868410951892,0.427402611473054,107.572541283583,-3.7815177993148,0.513685190801094,-0.0669784606182273,0.0948724496418215,"paleo"
1953-05-15,1957-05-15,49,5,5,1.1868180764441,0.0564150465740806,7.9088288208787,51.5884234975792,0.431592170026669,0.464862732200862,76.8340530396689,-0.576287924454319,0.521684314018867,-0.019799853518827,0.0281985851743692,"paleo"
1958-01-15,1962-04-15,52,1,4,0.907438824965065,0.0111689608973555,15.6678962648116,112.542229855668,0.529208083211837,0.556356983762959,78.5682134244049,-0.376489582770955,1.4458184756381,-0.0162976599857814,0.0360049600974901,"paleo"
1962-10-15,1963-06-15,9,10,6,1.43178045126019,0.340531069152572,1.5169927004836,1.83403156834355,0.911962690688736,0.580550891369515,78.7155570946489,-0.212238637891161,2.42056054302301,-0.0555611871844869,0.064017562555711,"paleo"
1963-10-15,1964-12-15,15,10,12,1.21184386530697,0.116104716656462,4.4835561134595,8.55164225247403,0.49811986216282,0.407407239496255,66.155238704378,-0.523703348330633,0.647080134345108,-0.0980025283625134,0.0405014112238268,"paleo"
1970-10-15,1970-12-15,3,10,12,1.48955828170996,0.382858510653925,0.13476793113392,0.31683648275139,0.458706885173477,0.569552346336721,78.9849649130627,-0.39351665998733,0.11193101130136,-0.078600788150793,0.361289049656669,"paleo"
1974-06-15,1975-04-15,11,6,4,1.37949752435208,0.254679630932497,3.7965982825867,7.24962087002078,0.11763340456958,0.362950525068068,79.0847927178171,-5.6103728550384,0.490482492535618,-0.178842256253846,0.0345015812106637,"paleo"
1976-05-15,1978-03-15,23,5,3,0.832353114760308,0.00542122660397416,17.6570391446664,49.8366239179626,0.490081984512808,0.561817654390368,85.2870094875983,-1.33741949803778,1.91425720648669,-0.0490243264094141,0.074643837720907,"paleo"
1979-01-15,1979-12-15,12,1,12,1.46064642629703,0.366611759263163,3.3678008844103,5.24031870225761,0.499477196826812,0.623862752625178,71.2763306755134,-0.577966810717393,0.499139671343957,-0.0338535779332457,0.0492467301808871,"paleo"
1980-11-15,1981-12-15,14,11,12,1.33960705130776,0.231332757192748,6.2718440711449,11.3756285853671,0.530632801547826,0.623759805501795,73.8484424372713,-0.79852552764553,0.908428450708109,-0.023963480167809,0.383225892020209,"paleo"
1987-03-15,1987-06-15,4,3,6,1.67801229061984,0.333666745656498,4.6059281859325,7.26932717772532,0.866669621965184,0.656229640965891,120.397373309754,-1.17961550510275,4.64279915133686,-0.109091934948518,0.0852508147524294,"paleo"
1988-01-15,1991-05-15,41,1,5,1.12489842598485,0.0561218386580991,13.5198923917922,64.0210127052301,0.489824281447499,0.538391107404387,60.2810903656656,-2.26802111874068,0.492847324708598,-0.0892865906857593,0.0160212824254225,"paleo"
1991-10-15,1993-07-15,22,10,7,1.05584003057756,0.0483128504843632,13.2170837902757,41.7442272529397,0.512745654075207,0.484873487221233,63.4909451703739,-1.51602026213395,0.950191391936626,-0.042581671237487,0.0603881767635177,"paleo"
1993-11-15,1995-04-15,18,11,4,1.22806523069382,0.101812248287685,11.5614071502817,16.868814682519,0.436234739916752,0.453613891854245,53.3025139465707,-1.45287590358122,1.37008691902656,-0.0542489113701512,0.0547857459358098,"paleo"
2000-01-15,2002-09-15,33,1,9,1.12359792035436,0.0220654196986139,14.9848530298035,70.3165615159722,0.625082235225461,0.619039386248433,98.4479348299335,-0.507847864529309,NA,-0.0231180572704556,0.000723484843650794,"paleo"
